Episode,Total_Reward,Mean_Reward,Episode_Length
1,-200.59404058145202,-33.43234009690867,500
2,-202.1861469089239,-33.69769115148731,500
3,-131.49023635980186,-21.915039393300308,500
4,-138.12596432703413,-23.02099405450569,500
5,-136.15155342074863,-22.69192557012477,500
6,-242.3953209860538,-40.3992201643423,500
7,-214.2057146004788,-35.700952433413136,500
8,-197.97608465057664,-32.99601410842944,500
9,-224.97004410979685,-37.49500735163281,500
10,-202.62088812921863,-33.770148021536436,500
11,-186.96934892027892,-31.16155815337982,500
12,-173.51903836421633,-28.91983972736939,500
13,-202.0759386085993,-33.67932310143322,500
14,-196.3531418121088,-32.725523635351465,500
15,-230.4661018514226,-38.4110169752371,500
16,-204.54859113644397,-34.091431856073996,500
17,-212.55909944707426,-35.42651657451238,500
18,-225.52731444558398,-37.587885740930666,500
19,-216.7587607917002,-36.12646013195003,500
20,-225.45095883464165,-37.57515980577361,500
21,-206.5744830440139,-34.42908050733565,500
22,-87.135436251167,-14.522572708527832,500
23,-250.7298384033008,-41.788306400550134,500
24,-227.77121609710906,-37.961869349518174,500
25,-172.4123816938029,-28.73539694896715,500
26,-214.78947493983492,-35.79824582330582,500
27,-206.73010097349277,-34.45501682891546,500
28,-187.89102874976257,-31.31517145829376,500
29,-228.7773730797793,-38.129562179963216,500
30,-224.2518207904504,-37.37530346507507,500
31,-198.25993592070498,-33.04332265345083,500
32,-194.7372387784896,-32.4562064630816,500
33,-220.02406578771257,-36.67067763128543,500
34,-207.58902288277335,-34.59817048046222,500
35,-211.4545729792119,-35.24242882986865,500
36,-234.2431597547864,-39.04052662579773,500
37,-220.41036464791767,-36.73506077465294,500
38,-200.77896200784429,-33.46316033464071,500
39,-211.12111807317967,-35.186853012196615,500
40,-212.95486204162606,-35.492477006937676,500
41,-212.6859166253642,-35.44765277089403,500
42,-200.06082125103015,-33.343470208505025,500
43,-179.62107854204783,-29.936846423674638,500
44,-200.81921637705094,-33.469869396175156,500
45,-171.32580527368108,-28.554300878946847,500
46,-188.9588058738178,-31.493134312302967,500
47,-202.08602960926902,-33.68100493487817,500
48,-178.810703758059,-29.8017839596765,500
49,-235.25713355638896,-39.20952225939816,500
50,-206.87242938846936,-34.47873823141156,500
51,-203.95179497665276,-33.99196582944213,500
52,-233.46358994050695,-38.91059832341782,500
53,-207.10574023202238,-34.51762337200373,500
54,-180.57591719486004,-30.09598619914334,500
55,-203.53335472467006,-33.92222578744501,500
56,-188.94459434207096,-31.490765723678493,500
57,-226.6868610935626,-37.78114351559377,500
58,-192.5162330980109,-32.08603884966848,500
59,-224.85419027854684,-37.47569837975781,500
60,-217.44605436468737,-36.24100906078123,500
61,-192.23390485265958,-32.03898414210993,500
62,-182.3600867828898,-30.393347797148298,500
63,-187.20614625728177,-31.201024376213628,500
64,-226.63341791517945,-37.77223631919657,500
65,-210.74320599322834,-35.12386766553806,500
66,-196.64535840203956,-32.77422640033993,500
67,-186.45758222965296,-31.07626370494216,500
68,-157.81093556485112,-26.301822594141854,500
69,-216.07536066379566,-36.01256011063261,500
70,-223.74158989540922,-37.2902649825682,500
71,-194.92182836625057,-32.4869713943751,500
72,-220.54106984031407,-36.756844973385675,500
73,-181.42959624132357,-30.238266040220594,500
74,-201.49632060451563,-33.5827201007526,500
75,-211.19535559329566,-35.199225932215946,500
76,-172.4217102014418,-28.7369517002403,500
77,-209.66746731247287,-34.944577885412144,500
78,-188.81411487277396,-31.469019145462326,500
79,-209.42044378071952,-34.90340729678659,500
80,-220.69755683474364,-36.78292613912394,500
81,-240.6611723881648,-40.110195398027464,500
82,-193.18623426329816,-32.19770571054969,500
83,-194.6625946643589,-32.443765777393146,500
84,-183.74661212248745,-30.62443535374791,500
85,-191.23074574012458,-31.87179095668743,500
86,-184.91770857758968,-30.819618096264946,500
87,-189.39270453000404,-31.565450755000672,500
88,-210.47784174648513,-35.07964029108086,500
89,-233.87809746765114,-38.97968291127519,500
90,-180.747856529785,-30.124642754964167,500
91,-208.22923772550467,-34.70487295425078,500
92,-203.08898446658102,-33.848164077763506,500
93,-197.60418135314728,-32.934030225524545,500
94,-175.74421344280694,-29.290702240467823,500
95,-227.99417980369338,-37.99902996728223,500
96,-202.8246589124625,-33.80410981874375,500
97,-231.56745533453056,-38.594575889088425,500
98,-192.1348432028339,-32.022473867138984,500
99,-245.9427101009586,-40.9904516834931,500
100,-182.58107255717812,-30.430178759529685,500
101,-231.2361542408639,-38.539359040143985,500
102,-222.42712857359965,-37.07118809559994,500
103,-217.84940680224054,-36.30823446704009,500
104,-199.81614835467184,-33.302691392445304,500
105,-187.2694214888018,-31.211570248133636,500
106,-34.62132896903468,-5.770221494839113,500
107,-174.348135528939,-29.0580225881565,500
108,-192.5397275324648,-32.089954588744135,500
109,-213.84710009959645,-35.64118334993274,500
110,-202.44724031850006,-33.74120671975001,500
111,-193.0298701186659,-32.17164501977765,500
112,-202.20451500332769,-33.700752500554614,500
113,-184.78723753947298,-30.797872923245496,500
114,-175.02995929593376,-29.17165988265563,500
115,-201.2508360124641,-33.54180600207735,500
116,-192.09237996103232,-32.01539666017205,500
117,-192.71163877775447,-32.11860646295908,500
118,-216.92758349243405,-36.15459724873901,500
119,-192.36920142526162,-32.06153357087694,500
120,-201.11649320289376,-33.519415533815625,500
121,-206.39167504387203,-34.398612507312,500
122,-179.44695126348827,-29.90782521058138,500
123,67.55222985456983,11.258704975761638,500
124,-195.11014120829026,-32.51835686804838,500
125,-192.18575401789593,-32.030959002982655,500
126,-183.94570961795708,-30.657618269659512,500
127,-192.2201405548842,-32.036690092480704,500
128,-177.9294625264365,-29.654910421072753,500
129,-202.62505061193676,-33.770841768656126,500
130,-222.4003344367062,-37.0667224061177,500
131,-217.72903234854675,-36.28817205809113,500
132,-198.17034516956284,-33.028390861593806,500
133,-184.81643404512684,-30.80273900752114,500
134,-179.97282094454357,-29.995470157423927,500
135,-221.3476453760723,-36.891274229345385,500
136,-200.0873071662374,-33.347884527706235,500
137,-187.944974235781,-31.324162372630166,500
138,-169.31838939742676,-28.219731566237794,500
139,-196.45949270494359,-32.74324878415727,500
140,-193.80500318869693,-32.300833864782824,500
141,-202.39456852577896,-33.73242808762983,500
142,-211.94722777785216,-35.32453796297536,500
143,-211.21396800702007,-35.20232800117001,500
144,-205.17707767116397,-34.196179611860664,500
145,-230.29294651992382,-38.382157753320634,500
146,-201.9549168129422,-33.65915280215703,500
147,-212.33136349275048,-35.38856058212508,500
148,-222.21482035399265,-37.035803392332106,500
149,-183.73065607754117,-30.62177601292353,500
150,-220.20911250470226,-36.70151875078371,500
151,-210.435058689868,-35.07250978164466,500
152,-203.06121863735223,-33.843536439558704,500
153,-211.33145029949472,-35.22190838324912,500
154,-194.52632662471868,-32.421054437453115,500
155,-221.2211306810481,-36.87018844684135,500
156,-257.2937205852629,-42.882286764210484,500
157,-198.59385240487444,-33.09897540081241,500
158,-190.93696813672,-31.822828022786666,500
159,-203.21155472961172,-33.86859245493529,500
160,-209.71142031454465,-34.95190338575744,500
161,-176.9676169462076,-29.494602824367934,500
162,-181.05113256146103,-30.175188760243504,500
163,-194.26563774038675,-32.377606290064456,500
164,-203.75663519670096,-33.95943919945016,500
165,-156.4992056368649,-26.083200939477482,500
166,-228.8127708613319,-38.13546181022198,500
167,-241.82090108545464,-40.30348351424244,500
168,-206.9609747425755,-34.49349579042925,500
169,-202.97230124167905,-33.828716873613175,500
170,-211.96030727023356,-35.32671787837226,500
171,-240.12242763317593,-40.02040460552932,500
172,-233.1190022142459,-38.85316703570765,500
173,-197.28549672623885,-32.88091612103981,500
174,-122.7963304877392,-20.466055081289866,500
175,-181.67523302112198,-30.27920550352033,500
176,-209.37098942586942,-34.89516490431157,500
177,-204.7266047812737,-34.12110079687895,500
178,-221.66559778307132,-36.94426629717855,500
179,-209.01799951408316,-34.836333252347195,500
180,-203.64577424575182,-33.94096237429197,500
181,-222.48877751934018,-37.08146291989003,500
182,-203.92366602813712,-33.98727767135619,500
183,-223.31071141109516,-37.21845190184919,500
184,-214.49759788014728,-35.749599646691216,500
185,-184.47170623368208,-30.74528437228035,500
186,-213.32320536713132,-35.553867561188554,500
187,-178.6273261423306,-29.771221023721765,500
188,-213.74832554972772,-35.62472092495462,500
189,-208.99788306299445,-34.83298051049908,500
190,-221.30737461350358,-36.88456243558393,500
191,-232.48595692676642,-38.7476594877944,500
192,-195.93459491635124,-32.655765819391874,500
193,-211.92700267436732,-35.321167112394555,500
194,-188.57591060907316,-31.429318434845527,500
195,-226.6232281523828,-37.77053802539714,500
196,-210.56618762029044,-35.09436460338174,500
197,-210.6575095027061,-35.10958491711768,500
198,-188.77518888285488,-31.462531480475814,500
199,-194.85062213083296,-32.47510368847216,500
200,-213.66172522773053,-35.61028753795509,500
201,-220.24459371055013,-36.70743228509169,500
202,-175.69010819381947,-29.28168469896991,500
203,-199.02245775634594,-33.170409626057655,500
204,-206.67778441369023,-34.44629740228171,500
205,-211.31943381331885,-35.21990563555314,500
206,-210.9900335326949,-35.165005588782485,500
207,-178.0077517227277,-29.667958620454616,500
208,-207.75485464365826,-34.625809107276375,500
209,-195.43384821242333,-32.572308035403886,500
210,-222.5233385350182,-37.087223089169704,500
211,-203.27779287427592,-33.879632145712655,500
212,-203.0358373548487,-33.839306225808116,500
213,-186.46799943081948,-31.07799990513658,500
214,-197.5917090362828,-32.931951506047135,500
215,-232.77378098106124,-38.795630163510204,500
216,-182.9691227984716,-30.494853799745268,500
217,-212.3098467264249,-35.38497445440415,500
218,-188.1517882206733,-31.358631370112217,500
219,-232.83949406029177,-38.80658234338196,500
220,-225.89245231664503,-37.648742052774175,500
221,-166.8294695825532,-27.8049115970922,500
222,-200.05002468958466,-33.34167078159744,500
223,-222.7621046182185,-37.12701743636975,500
224,-195.93448677450607,-32.65574779575101,500
225,-188.05475571268428,-31.34245928544738,500
226,-190.4121299472408,-31.7353549912068,500
227,-204.17509953356478,-34.02918325559413,500
228,-170.46828351413288,-28.411380585688814,500
229,-175.00169038965836,-29.166948398276393,500
230,-184.77616065574352,-30.796026775957255,500
231,-203.7285332844894,-33.9547555474149,500
232,-187.7829557053991,-31.297159284233185,500
233,-218.98000154557545,-36.49666692426258,500
234,-183.45498415094752,-30.57583069182459,500
235,-201.49681820122834,-33.582803033538056,500
236,-207.14327085536482,-34.523878475894136,500
237,-200.44447318427166,-33.40741219737861,500
238,-218.3462822667144,-36.3910470444524,500
239,-259.325074651303,-43.220845775217164,500
240,-213.06935098250588,-35.511558497084316,500
241,-202.64925217377086,-33.77487536229514,500
242,-238.98771677160113,-39.83128612860019,500
243,-227.68377612538427,-37.947296020897376,500
244,-177.1791741090897,-29.52986235151495,500
245,-209.87412533260388,-34.979020888767316,500
246,-186.29731489980202,-31.049552483300335,500
247,-197.457616328206,-32.90960272136767,500
248,-213.495584962815,-35.5825974938025,500
249,-206.64713228644172,-34.441188714406955,500
250,-224.06352460256085,-37.34392076709347,500
251,-236.82954572949228,-39.47159095491538,500
252,-194.1537041806455,-32.35895069677425,500
253,-188.84002230177862,-31.473337050296436,500
254,-201.13678780958395,-33.522797968263994,500
255,-218.83655326069538,-36.472758876782564,500
256,-197.5178246894333,-32.91963744823888,500
257,-167.31049268307893,-27.88508211384649,500
258,-196.04534744196656,-32.67422457366109,500
259,-214.29135872511517,-35.71522645418586,500
260,-210.0290342643888,-35.0048390440648,500
261,-206.327174083563,-34.3878623472605,500
262,-219.22403004031202,-36.537338340052,500
263,-220.34011578659653,-36.723352631099424,500
264,-228.94932767212407,-38.15822127868734,500
265,-192.72440770114744,-32.12073461685791,500
266,-210.47280995496823,-35.07880165916137,500
267,-199.01119009125023,-33.16853168187504,500
268,-180.26971833936716,-30.044953056561194,500
269,-223.7437420295706,-37.2906236715951,500
270,-209.2566484087295,-34.87610806812158,500
271,-200.66766078056435,-33.444610130094055,500
272,-192.49015786278505,-32.08169297713084,500
273,-157.2703568149937,-26.211726135832283,500
274,-222.58204209222146,-37.097007015370245,500
275,-217.4932053184161,-36.24886755306935,500
276,-217.4104331058244,-36.235072184304066,500
277,-215.35752546503696,-35.89292091083949,500
278,-198.2547941632526,-33.042465693875435,500
279,-206.2158536959778,-34.369308949329636,500
280,-215.98095212757988,-35.996825354596645,500
281,-228.52577590596,-38.087629317659996,500
282,-193.44751981001502,-32.24125330166917,500
283,-204.55638032122806,-34.09273005353801,500
284,-247.53369230770562,-41.255615384617606,500
285,-188.27332276200076,-31.378887127000127,500
286,-221.24914442336228,-36.874857403893714,500
287,-194.29828096481148,-32.38304682746858,500
288,-214.5837326686482,-35.7639554447747,500
289,-211.75487428835703,-35.292479048059505,500
290,-188.6222526894697,-31.437042114911616,500
291,-190.86257729640874,-31.81042954940146,500
292,-179.10300074887263,-29.850500124812104,500
293,-180.84468357906368,-30.140780596510613,500
294,-189.67112899686697,-31.61185483281116,500
295,-189.20897673524846,-31.534829455874743,500
296,-206.338537186122,-34.389756197687,500
297,-236.22775598942405,-39.37129266490401,500
298,-210.02000801367174,-35.00333466894529,500
299,-186.57062371084882,-31.095103951808138,500
300,-215.85905457522443,-35.97650909587074,500
301,-236.63019305819859,-39.438365509699764,500
302,-198.07028752980477,-33.0117145883008,500
303,-221.9358253011157,-36.98930421685262,500
304,-197.93335899982134,-32.98889316663689,500
305,-212.68029163388638,-35.4467152723144,500
306,-221.87419900616698,-36.979033167694496,500
307,-228.05055094716184,-38.00842515786031,500
308,-236.71253559278202,-39.45208926546367,500
309,-187.75267170752718,-31.29211195125453,500
310,-198.2547889020566,-33.04246481700943,500
311,328.3533956670919,54.72556594451532,500
312,-171.69229922787636,-28.61538320464606,500
313,-207.57693227094097,-34.59615537849016,500
314,-104.52626020266499,-17.42104336711083,500
315,-230.55833841258345,-38.426389735430575,500
316,-202.84758362066393,-33.807930603443985,500
317,-224.33181705765594,-37.38863617627599,500
318,-208.88796314231024,-34.81466052371837,500
319,-196.75242151639776,-32.79207025273296,500
320,-215.4930160108791,-35.91550266847985,500
321,-222.67466771376525,-37.11244461896087,500
322,-247.2590064699168,-41.2098344116528,500
323,-170.80472873282216,-28.467454788803693,500
324,-204.14896103818074,-34.02482683969679,500
325,-198.9081867302398,-33.15136445503997,500
326,-178.23353944171473,-29.705589906952454,500
327,-212.71637746621286,-35.452729577702144,500
328,-223.13135063070487,-37.18855843845081,500
329,-224.77719377354376,-37.46286562892396,500
330,-235.14378433823168,-39.190630723038616,500
331,-168.59152366476513,-28.098587277460854,500
332,-202.1915653774479,-33.698594229574645,500
333,-187.64620777433123,-31.27436796238854,500
334,-197.5749522064007,-32.92915870106678,500
335,-220.88608042347505,-36.81434673724584,500
336,-213.64656754978162,-35.60776125829694,500
337,-186.08778984961782,-31.01463164160297,500
338,-201.9545663376517,-33.65909438960862,500
339,-187.62519236084677,-31.270865393474462,500
340,-216.4326098374853,-36.072101639580886,500
341,-221.12332716719777,-36.85388786119963,500
342,-183.46497344618828,-30.577495574364715,500
343,-182.3335846821423,-30.388930780357047,500
344,-223.47460224378491,-37.24576704063082,500
345,-249.36216101493417,-41.56036016915569,500
346,-241.7543221225368,-40.2923870204228,500
347,-270.07461300818056,-45.01243550136343,500
348,-174.5202229021933,-29.086703817032216,500
349,-223.5291479476188,-37.2548579912698,500
350,-190.91576267999176,-31.819293779998628,500
351,-207.5594685987774,-34.5932447664629,500
352,-204.32820149273434,-34.054700248789054,500
353,-211.85101854670927,-35.30850309111821,500
354,-204.90602010149615,-34.15100335024936,500
355,-207.09740204766334,-34.516233674610554,500
356,-210.57048339651612,-35.09508056608602,500
357,-175.68602127097532,-29.28100354516255,500
358,-197.09231235333192,-32.84871872555532,500
359,-191.51377058106942,-31.91896176351157,500
360,-183.35045392608336,-30.55840898768056,500
361,-201.864904787443,-33.644150797907166,500
362,-194.46790877792247,-32.41131812965374,500
363,-197.87250074028418,-32.9787501233807,500
364,-225.563765524048,-37.59396092067467,500
365,-180.48202109614945,-30.080336849358243,500
366,-201.90265109121756,-33.65044184853626,500
367,-182.77642100074593,-30.462736833457654,500
368,-197.33017927577856,-32.88836321262976,500
369,-210.35567016422004,-35.05927836070334,500
370,-176.75131793151658,-29.458552988586096,500
371,-183.99388384379372,-30.665647307298954,500
372,-223.98848838884373,-37.331414731473956,500
373,-224.12992110906845,-37.354986851511406,500
374,-191.98077264262236,-31.996795440437058,500
375,-201.98102963346503,-33.66350493891084,500
376,-195.61625592523097,-32.60270932087183,500
377,-187.12611750581033,-31.187686250968387,500
378,-199.23265339636478,-33.205442232727464,500
379,-220.7328745977787,-36.78881243296312,500
380,-231.57124528852762,-38.595207548087934,500
381,-206.40426150055634,-34.40071025009272,500
382,-213.85444878435067,-35.64240813072511,500
383,-199.3650417421392,-33.2275069570232,500
384,-245.5586508304893,-40.92644180508155,500
385,-201.70551195545357,-33.61758532590893,500
386,-217.45850532475978,-36.2430842207933,500
387,-219.8576277146729,-36.642937952445486,500
388,-207.65758589802775,-34.609597649671294,500
389,-181.67566041606847,-30.27927673601141,500
390,-186.8110980902679,-31.13518301504465,500
391,-168.6657393172192,-28.110956552869865,500
392,-212.60002090019404,-35.433336816699004,500
393,-205.67406140924115,-34.279010234873525,500
394,-211.26516380158841,-35.21086063359807,500
395,-235.06343052663686,-39.177238421106146,500
396,-188.62041798138245,-31.436736330230406,500
397,-175.1379884391058,-29.18966473985097,500
398,-221.77203753154714,-36.962006255257855,500
399,-179.47826970911194,-29.913044951518657,500
400,-209.62938279992264,-34.93823046665377,500
401,-199.25606199303223,-33.20934366550537,500
402,-231.26572262412563,-38.54428710402094,500
403,-181.2259369872495,-30.20432283120825,500
404,-210.14819603696859,-35.02469933949477,500
405,-228.4835282770665,-38.08058804617775,500
406,-194.75630792949786,-32.45938465491631,500
407,-209.50780725099708,-34.91796787516618,500
408,-175.2229492514795,-29.203824875246582,500
409,-203.00648860568754,-33.83441476761459,500
410,-175.07864648111976,-29.17977441351996,500
411,-197.67255994788633,-32.94542665798105,500
412,-218.071587783726,-36.345264630620996,500
413,-201.53918067544544,-33.589863445907575,500
414,-176.28749254594322,-29.381248757657204,500
415,-215.7232482267376,-35.95387470445627,500
416,-182.99310629915053,-30.49885104985842,500
417,-190.24341807054256,-31.707236345090426,500
418,-215.47798064398697,-35.912996773997826,500
419,-188.24555436800128,-31.374259061333547,500
420,-199.91301622811926,-33.318836038019874,500
421,-216.95931003205246,-36.159885005342076,500
422,-200.28108663103492,-33.38018110517249,500
423,-210.13850928197658,-35.02308488032943,500
424,-184.5764493755647,-30.762741562594115,500
425,-197.4064647087105,-32.90107745145175,500
426,-193.77361932883696,-32.295603221472824,500
427,-196.53547279081405,-32.75591213180234,500
428,-240.18914258285534,-40.031523763809226,500
429,-194.2214848895643,-32.37024748159405,500
430,-205.00255991257512,-34.16709331876252,500
431,-211.9743634145678,-35.32906056909463,500
432,-209.3501092043748,-34.8916848673958,500
433,-209.31721260065075,-34.886202100108456,500
434,-198.79181403386266,-33.131969005643775,500
435,-220.56345996924418,-36.760576661540696,500
436,-184.87241380994692,-30.812068968324485,500
437,-199.22238426508164,-33.20373071084694,500
438,-212.05334085072786,-35.34222347512131,500
439,-190.6872134126151,-31.781202235435853,500
440,-205.33567566853645,-34.22261261142274,500
441,-184.10618921814398,-30.684364869690665,500
442,-186.37579935204278,-31.062633225340463,500
443,-166.9359725905703,-27.82266209842838,500
444,-225.75175975410446,-37.62529329235074,500
445,-232.4738843278069,-38.745647387967814,500
446,-214.43763889394498,-35.73960648232416,500
447,-181.73538291319858,-30.289230485533096,500
448,-183.11341827501457,-30.51890304583576,500
449,-220.89447465954262,-36.81574577659044,500
450,-173.83717615234107,-28.972862692056847,500
451,-192.36306772031287,-32.060511286718814,500
452,-228.32617615266216,-38.05436269211036,500
453,-193.32063877973036,-32.220106463288396,500
454,-187.66839270044372,-31.278065450073953,500
455,-220.48325213319677,-36.74720868886613,500
456,-204.42960091956473,-34.07160015326079,500
457,-205.59588922519453,-34.26598153753242,500
458,-210.81714706278393,-35.136191177130655,500
459,-209.34982875852762,-34.89163812642127,500
460,-208.70685646621843,-34.78447607770307,500
461,-214.40306948022106,-35.73384491337018,500
462,-233.3514784883648,-38.89191308139413,500
463,-223.0668781496145,-37.17781302493575,500
464,-235.18580429131214,-39.197634048552025,500
465,-169.83210930398934,-28.30535155066489,500
466,90.22404835709276,15.037341392848793,500
467,-209.77159149169222,-34.96193191528204,500
468,-212.50725403761348,-35.41787567293558,500
469,-213.96464270474615,-35.66077378412436,500
470,-223.83114045133215,-37.30519007522202,500
471,-214.35261820605825,-35.72543636767637,500
472,-195.9318703770466,-32.655311729507766,500
473,-202.97238750684744,-33.82873125114124,500
474,-193.93650974846338,-32.322751624743894,500
475,-195.58633632754032,-32.59772272125672,500
476,-195.5062162279584,-32.584369371326396,500
477,-194.3343481821691,-32.38905803036152,500
478,-219.74099121522488,-36.623498535870816,500
479,-243.66462260599465,-40.610770434332444,500
480,-196.62438811852974,-32.77073135308829,500
481,-216.98007713717587,-36.163346189529314,500
482,-231.05955528844933,-38.50992588140822,500
483,-194.2628738831634,-32.3771456471939,500
484,-200.53364069776927,-33.422273449628214,500
485,-185.76219167783574,-30.96036527963929,500
486,-195.6514379249832,-32.608572987497205,500
487,-179.72521891753556,-29.95420315292259,500
488,-210.2700155297992,-35.045002588299866,500
489,-187.95863672088464,-31.326439453480774,500
490,-109.18354604234258,-18.197257673723765,500
491,-205.38431201546263,-34.23071866924377,500
492,-223.92606476705512,-37.321010794509185,500
493,-214.30429900596798,-35.71738316766133,500
494,-186.0433529312818,-31.007225488546965,500
495,-231.0873021277064,-38.51455035461773,500
496,-184.8732721693567,-30.812212028226117,500
497,-191.1394135083121,-31.856568918052016,500
498,-246.81964924016594,-41.136608206694326,500
499,-222.85148319537794,-37.14191386589632,500
500,-202.283447811891,-33.7139079686485,500
501,-188.92203248184,-31.487005413640002,500
502,-182.74945849048265,-30.45824308174711,500
503,-196.6416432517014,-32.7736072086169,500
504,-215.1802195382105,-35.86336992303509,500
505,-195.46111329279626,-32.57685221546604,500
506,-176.25114767431668,-29.375191279052782,500
507,-225.1702449518035,-37.528374158633916,500
508,-206.96776053351675,-34.494626755586125,500
509,-197.32306754552454,-32.88717792425409,500
510,-198.61425216455686,-33.102375360759474,500
511,-197.9774211943756,-32.996236865729266,500
512,-242.32576055288672,-40.387626758814456,500
513,-196.77170875861617,-32.795284793102695,500
514,-215.9079822854543,-35.98466371424238,500
515,-197.08910786264474,-32.848184643774125,500
516,-195.9425747399786,-32.65709578999643,500
517,-187.9752536548786,-31.329208942479767,500
518,-205.7255407640317,-34.28759012733862,500
519,-109.31743504273919,-18.2195725071232,500
520,-181.29563154650904,-30.21593859108484,500
521,-189.76042412181556,-31.626737353635928,500
522,-194.63026555539523,-32.43837759256587,500
523,-189.82415267667184,-31.637358779445307,500
524,-191.09240915063768,-31.848734858439613,500
525,-200.37782462914942,-33.39630410485824,500
526,-179.17403174235645,-29.862338623726075,500
527,-220.801744673157,-36.8002907788595,500
528,-199.89415164575837,-33.31569194095973,500
529,-151.79421042111343,-25.29903507018557,500
530,-202.76380436308065,-33.79396739384678,500
531,-191.4904619903157,-31.915076998385953,500
532,-222.43106256571647,-37.071843760952746,500
533,-41.696192653131035,-6.949365442188506,500
534,-210.5735176734764,-35.095586278912734,500
535,-234.32139284060858,-39.053565473434766,500
536,-206.91348207792657,-34.48558034632109,500
537,-226.56006651781388,-37.76001108630231,500
538,-212.6938020815556,-35.4489670135926,500
539,-196.79058029396114,-32.798430048993524,500
540,-210.4289204358477,-35.07148673930795,500
541,-199.94034416570764,-33.323390694284605,500
542,-189.98296159235653,-31.663826932059422,500
543,-220.25472548320408,-36.709120913867345,500
544,-206.4144056587684,-34.402400943128065,500
545,-198.26538545799087,-33.044230909665146,500
546,-192.24173473921388,-32.040289123202314,500
547,-215.0923892350035,-35.848731539167254,500
548,-200.2618154172798,-33.3769692362133,500
549,-220.91414867271675,-36.81902477878612,500
550,-190.32619011331954,-31.721031685553257,500
551,-253.89387157681793,-42.31564526280299,500
552,-215.45071961997894,-35.90845326999649,500
553,-233.96088549504188,-38.993480915840316,500
554,-217.15237330903517,-36.19206221817253,500
555,-197.51543001647758,-32.919238336079594,500
556,-191.3657706383978,-31.894295106399635,500
557,-202.54450818330406,-33.757418030550674,500
558,-207.00022013796917,-34.50003668966153,500
559,-176.14160096450811,-29.356933494084686,500
560,-182.27862157676586,-30.37977026279431,500
561,-215.64898710015171,-35.941497850025286,500
562,-220.95928982276723,-36.82654830379454,500
563,-186.03184995451934,-31.005308325753223,500
564,-181.47512597816774,-30.245854329694623,500
565,-221.8444283813261,-36.97407139688769,500
566,-195.28216703884505,-32.547027839807505,500
567,-191.03408037301784,-31.839013395502974,500
568,-184.58381910270515,-30.76396985045086,500
569,-186.4055923870911,-31.06759873118185,500
570,-210.99743483369156,-35.16623913894859,500
571,-194.05368058125148,-32.34228009687525,500
572,-195.29212701609438,-32.54868783601573,500
573,-222.0302779220314,-37.005046320338565,500
574,-248.33815980576674,-41.38969330096112,500
575,-243.49273445302865,-40.58212240883811,500
576,-211.53058331340745,-35.25509721890124,500
577,-196.8978761664415,-32.81631269440692,500
578,-171.95794508139755,-28.65965751356626,500
579,-203.33026511323206,-33.88837751887201,500
580,-225.66821859197455,-37.611369765329094,500
581,-206.38110396738298,-34.396850661230495,500
582,-209.61695790980357,-34.93615965163393,500
583,-194.47652111271046,-32.412753518785074,500
584,-185.94218662274483,-30.99036443712414,500
585,-185.6321047114583,-30.938684118576386,500
586,-210.47981296580662,-35.07996882763444,500
587,-219.2302679805225,-36.53837799675375,500
588,-228.97138035370497,-38.161896725617495,500
589,-246.06884925056443,-41.01147487509407,500
590,-176.47548451245785,-29.41258075207631,500
591,-205.72246512418883,-34.28707752069814,500
592,-182.91289977231912,-30.48548329538652,500
593,-195.61067261992258,-32.6017787699871,500
594,-193.81444931202233,-32.30240821867039,500
595,-158.35425992532953,-26.39237665422159,500
596,-178.39816761962277,-29.733027936603794,500
597,-204.26663423372727,-34.04443903895454,500
598,-199.66124346865567,-33.276873911442614,500
599,-223.66671506677014,-37.27778584446169,500
600,-180.4415233643827,-30.073587227397116,500
601,-210.56237381972682,-35.09372896995447,500
602,-187.39892958235913,-31.233154930393187,500
603,-209.6372155078113,-34.93953591796855,500
604,-213.59257756659173,-35.598762927765286,500
605,-202.8901890825103,-33.81503151375171,500
606,-234.1462842877371,-39.02438071462285,500
607,-245.82673099878016,-40.97112183313003,500
608,-210.51318101711087,-35.08553016951848,500
609,-212.43272940019511,-35.40545490003252,500
610,-184.50322701944853,-30.750537836574754,500
611,-199.9012552323519,-33.31687587205865,500
612,-231.46736367282173,-38.57789394547029,500
613,-182.18074106407465,-30.363456844012443,500
614,-185.31113809622883,-30.885189682704805,500
615,-218.7486285432998,-36.45810475721663,500
616,-170.82236574599477,-28.470394290999128,500
617,-186.34321381056918,-31.05720230176153,500
618,-188.43252357618633,-31.405420596031053,500
619,-178.88795622127682,-29.814659370212805,500
620,-183.71646256481324,-30.619410427468875,500
621,-197.95931726609209,-32.99321954434868,500
622,-224.9822417000962,-37.49704028334937,500
623,-218.76986241261213,-36.46164373543535,500
624,-191.3029127711908,-31.883818795198465,500
625,-197.32042799396893,-32.886737998994825,500
626,-190.30795479927414,-31.71799246654569,500
627,-206.67795073082488,-34.44632512180414,500
628,-193.916580166004,-32.31943002766733,500
629,-216.46948214827188,-36.07824702471198,500
630,-214.9038841224656,-35.81731402041093,500
631,-182.24677417704729,-30.374462362841214,500
632,-200.42661508989121,-33.4044358483152,500
633,-215.71151186529764,-35.95191864421627,500
634,-227.7604573290657,-37.96007622151095,500
635,-226.76597021693917,-37.79432836948986,500
636,-220.99409274317736,-36.83234879052956,500
637,-190.59351960204833,-31.76558660034139,500
638,-199.17861313034507,-33.196435521724176,500
639,-224.95779965118356,-37.492966608530594,500
640,-197.56987318103197,-32.92831219683866,500
641,-206.02554998910082,-34.33759166485014,500
642,-222.48993298121687,-37.08165549686948,500
643,-186.64427967958355,-31.10737994659726,500
644,-219.62579870454357,-36.60429978409059,500
645,-240.08690665733565,-40.01448444288928,500
646,-241.13844780964965,-40.18974130160827,500
647,-213.4006076429409,-35.56676794049015,500
648,-192.73428548312626,-32.12238091385438,500
649,-189.49449010280034,-31.58241501713339,500
650,-197.3820986418323,-32.897016440305386,500
651,-190.12275306475004,-31.687125510791674,500
652,-196.6969426028067,-32.78282376713445,500
653,-215.21591280971762,-35.869318801619606,500
654,-190.42102444544867,-31.73683740757478,500
655,-184.06831313611838,-30.678052189353064,500
656,-184.65512229560636,-30.775853715934392,500
657,-241.81007741966323,-40.30167956994387,500
658,-226.9589338108427,-37.82648896847378,500
659,-192.87508255377696,-32.14584709229616,500
660,-192.85241984729936,-32.14206997454989,500
661,-191.67235993473017,-31.94539332245503,500
662,-222.9384457629385,-37.15640762715642,500
663,-207.94061605341946,-34.65676934223658,500
664,-230.453409350886,-38.408901558481,500
665,-218.14293135189928,-36.357155225316546,500
666,-183.59441248195157,-30.59906874699193,500
667,-219.02661698787068,-36.504436164645114,500
668,-200.4203508157272,-33.4033918026212,500
669,-221.72280848779013,-36.95380141463169,500
670,-244.7323970993142,-40.7887328498857,500
671,-193.06606518303929,-32.17767753050655,500
672,-199.52695096300033,-33.254491827166724,500
673,-199.7071449450762,-33.2845241575127,500
674,-219.94765051828492,-36.65794175304749,500
675,-216.69416961772794,-36.11569493628799,500
676,-174.10321623690123,-29.017202706150204,500
677,-211.22256103290076,-35.203760172150126,500
678,-215.93010084043817,-35.98835014007303,500
679,-213.2624612184327,-35.54374353640545,500
680,-208.10132160712362,-34.68355360118727,500
681,-234.08148231017503,-39.01358038502917,500
682,-205.19393074867116,-34.19898845811186,500
683,-204.9116869550293,-34.151947825838214,500
684,-188.99334954617942,-31.498891591029903,500
685,-228.1576714163189,-38.026278569386484,500
686,-191.02885275866208,-31.83814212644368,500
687,-201.053208905353,-33.50886815089216,500
688,-205.63508534305427,-34.27251422384238,500
689,-198.9377528247081,-33.15629213745135,500
690,-248.9401714357587,-41.49002857262645,500
691,-218.2574655947334,-36.3762442657889,500
692,-184.18899086378318,-30.698165143963863,500
693,-192.39719478047724,-32.06619913007954,500
694,-179.9483076892863,-29.991384614881053,500
695,-192.78156981452364,-32.13026163575394,500
696,-176.67992338698272,-29.446653897830455,500
697,-198.10095883433243,-33.016826472388736,500
698,-247.05592169214168,-41.17598694869028,500
699,-167.45407197584913,-27.909011995974854,500
700,-227.15969227657877,-37.85994871276313,500
701,-207.74052604571708,-34.62342100761951,500
702,-190.83871624629802,-31.806452707716335,500
703,-228.97639491631637,-38.162732486052725,500
704,-211.47075839431102,-35.245126399051834,500
705,-180.07064846456925,-30.011774744094875,500
706,-166.32543120396215,-27.720905200660358,500
707,-225.17482935471327,-37.529138225785545,500
708,-238.8178371299584,-39.802972854993065,500
709,-201.16671086038693,-33.52778514339782,500
710,-196.00558568235107,-32.66759761372518,500
711,-194.08305642342611,-32.34717607057102,500
712,-209.35232617472298,-34.89205436245383,500
713,-188.1899534938884,-31.364992248981398,500
714,-212.9306704287685,-35.48844507146142,500
715,-194.43904149272453,-32.40650691545409,500
716,-220.0560478319102,-36.67600797198504,500
717,-188.70843979880468,-31.451406633134113,500
718,-212.9245981575355,-35.48743302625592,500
719,-203.73598973455057,-33.95599828909176,500
720,-236.84368232937663,-39.47394705489611,500
721,-218.81259555774437,-36.46876592629073,500
722,-216.95171720679272,-36.15861953446545,500
723,-213.4673104576823,-35.57788507628038,500
724,-229.04364551451476,-38.173940919085794,500
725,-208.25249793217597,-34.70874965536266,500
726,-198.96757747187513,-33.161262911979186,500
727,-202.48809704141163,-33.74801617356861,500
728,-222.233388241463,-37.03889804024383,500
729,-186.3619746680455,-31.060329111340916,500
730,-211.6393915626838,-35.27323192711397,500
731,-213.50348925487856,-35.58391487581309,500
732,-206.4090943856313,-34.40151573093855,500
733,-163.56113628422813,-27.260189380704688,500
734,-200.40776750530932,-33.40129458421822,500
735,-176.9771417802016,-29.496190296700266,500
736,-199.82236586460783,-33.30372764410131,500
737,-172.28696757371205,-28.714494595618675,500
738,-233.41065145975756,-38.901775243292924,500
739,-223.68696032923629,-37.281160054872714,500
740,-209.17528717665942,-34.86254786277657,500
741,-211.7357974407584,-35.289299573459736,500
742,-228.37397006154836,-38.062328343591396,500
743,-217.9474242176047,-36.32457070293412,500
744,-212.0304836492112,-35.3384139415352,500
745,-197.5269985089209,-32.92116641815348,500
746,-177.30600468269677,-29.55100078044946,500
747,-222.51754400498382,-37.08625733416397,500
748,-181.3545791417643,-30.22576319029405,500
749,-212.90899899843487,-35.484833166405814,500
750,-179.68573658977022,-29.947622764961704,500
751,-216.07721825964782,-36.012869709941306,500
752,-208.8335326187899,-34.80558876979831,500
753,-224.84353130696033,-37.473921884493386,500
754,-227.37262758987958,-37.8954379316466,500
755,-183.0839166768562,-30.513986112809366,500
756,-230.38405274725517,-38.397342124542526,500
757,-217.7517663905379,-36.29196106508965,500
758,-210.23397550266782,-35.0389959171113,500
759,-206.79076608971752,-34.465127681619585,500
760,-192.12505175084686,-32.02084195847448,500
761,-209.54107948844575,-34.92351324807429,500
762,-194.7989385193055,-32.46648975321758,500
763,-222.45140555259132,-37.07523425876522,500
764,-221.61664067476516,-36.93610677912753,500
765,-211.2894665452449,-35.214911090874146,500
766,-215.3697278974133,-35.89495464956888,500
767,-185.544047416649,-30.924007902774832,500
768,-198.76988664121745,-33.12831444020291,500
769,-214.0151663958191,-35.66919439930319,500
770,-243.33639124980982,-40.55606520830164,500
771,-215.62290899286225,-35.93715149881037,500
772,-215.76654437356254,-35.96109072892709,500
773,-213.7031100209421,-35.61718500349035,500
774,-206.63590447728558,-34.43931741288093,500
775,-190.73339924022352,-31.788899873370585,500
776,-197.5190587346197,-32.91984312243662,500
777,-206.8283388861444,-34.4713898143574,500
778,-202.47173619989928,-33.74528936664988,500
779,-201.2072247357092,-33.53453745595153,500
780,-240.39650171752643,-40.06608361958774,500
781,-212.30737711323775,-35.384562852206294,500
782,-208.81028610744633,-34.80171435124105,500
783,-175.89748561954735,-29.316247603257892,500
784,-202.83283478962744,-33.80547246493791,500
785,-176.8211788990833,-29.470196483180548,500
786,-213.606129771331,-35.601021628555166,500
787,-46.64413657184594,-7.774022761974323,500
788,-197.7878397823448,-32.96463996372413,500
789,-196.08021982260775,-32.68003663710129,500
790,-207.21975545423408,-34.53662590903901,500
791,-205.6600463030258,-34.27667438383764,500
792,-215.66647803424308,-35.94441300570718,500
793,-186.29716447779379,-31.04952741296563,500
794,-217.62092474077332,-36.27015412346222,500
795,-209.06999444654892,-34.84499907442482,500
796,-224.11574979828615,-37.35262496638102,500
797,-190.75918259473937,-31.79319709912323,500
798,-201.60025721138965,-33.60004286856494,500
799,-235.37025450413086,-39.22837575068848,500
800,-184.19022618188427,-30.698371030314046,500
801,-234.63712511978625,-39.10618751996437,500
802,-206.4503247989113,-34.408387466485216,500
803,-215.21802320017673,-35.869670533362786,500
804,-217.64472276275254,-36.274120460458754,500
805,-186.92076907872809,-31.153461513121346,500
806,-192.88932183308003,-32.14822030551334,500
807,-213.41216957613648,-35.56869492935608,500
808,-202.55893366613049,-33.759822277688414,500
809,-188.22637070213025,-31.371061783688376,500
810,-187.79624736846426,-31.299374561410712,500
811,-208.00414252160576,-34.667357086934295,500
812,-172.59016800175328,-28.765028000292215,500
813,-209.09664887117714,-34.84944147852952,500
814,-213.4533930247665,-35.57556550412775,500
815,-193.99947112839345,-32.333245188065575,500
816,-186.4059191051477,-31.067653184191283,500
817,-195.9114321301798,-32.65190535502997,500
818,-216.4650852149967,-36.07751420249945,500
819,-200.33453064205563,-33.389088440342604,500
820,-223.0896763459151,-37.18161272431919,500
821,-214.46020858806264,-35.74336809801044,500
822,-222.46261958539034,-37.077103264231724,500
823,-200.0404578351132,-33.3400763058522,500
824,-221.53271884278516,-36.92211980713086,500
825,-212.43916087965448,-35.40652681327575,500
826,-192.8804764998835,-32.14674608331392,500
827,-234.9211634890163,-39.15352724816938,500
828,-209.82800220522105,-34.971333700870176,500
829,-189.36614028450774,-31.56102338075129,500
830,-198.8990255194457,-33.149837586574286,500
831,-212.86416176484636,-35.47736029414106,500
832,-215.81983089416366,-35.969971815693945,500
833,-202.82275680868082,-33.803792801446804,500
834,-185.32557021142708,-30.887595035237847,500
835,-209.30322580860184,-34.883870968100304,500
836,-194.0551016407661,-32.34251694012769,500
837,-242.98513777142895,-40.49752296190483,500
838,-206.18396901379393,-34.36399483563232,500
839,-214.49228979437802,-35.74871496572967,500
840,-186.03261040704513,-31.005435067840853,500
841,-178.65243276726113,-29.775405461210187,500
842,-185.64718926517847,-30.941198210863078,500
843,-214.1023342596082,-35.68372237660137,500
844,-187.72715133041072,-31.287858555068453,500
845,-208.57830176995174,-34.763050294991956,500
846,-235.89968648290602,-39.31661441381767,500
847,-200.4213926504115,-33.403565441735246,500
848,-188.6932051633241,-31.448867527220685,500
849,-188.64584383935554,-31.440973973225923,500
850,-182.921927331663,-30.4869878886105,500
851,-178.04969507400855,-29.674949179001427,500
852,-4.723204357921865,-0.7872007263203109,500
853,-222.35643004321764,-37.05940500720294,500
854,-180.31449091396433,-30.052415152327388,500
855,-221.5268905629579,-36.92114842715965,500
856,-213.84728476431292,-35.64121412738549,500
857,-201.5369168016046,-33.589486133600765,500
858,-168.16625299624093,-28.02770883270682,500
859,-208.35217000689937,-34.725361667816564,500
860,-213.75699795146437,-35.626166325244064,500
861,-234.65301035843976,-39.10883505973996,500
862,-193.45732558141404,-32.24288759690234,500
863,-207.84255427941946,-34.640425713236574,500
864,-194.24633814904834,-32.37438969150806,500
865,-220.08868062258475,-36.68144677043079,500
866,-223.27819510120247,-37.21303251686708,500
867,-198.81209041276395,-33.13534840212733,500
868,-201.09143923964376,-33.51523987327396,500
869,-203.79986798498075,-33.96664466416346,500
870,-217.9470483537396,-36.3245080589566,500
871,-224.0470335686605,-37.34117226144342,500
872,-212.64826332139015,-35.44137722023169,500
873,-212.66723808404367,-35.44453968067395,500
874,-207.7840132064398,-34.63066886773996,500
875,-203.6402988368252,-33.94004980613753,500
876,-206.4431669562237,-34.40719449270395,500
877,-224.73247767732911,-37.45541294622152,500
878,-194.90749010856845,-32.48458168476141,500
879,-195.3824044225137,-32.56373407041895,500
880,-212.69973404406593,-35.44995567401099,500
881,-183.18989117740904,-30.531648529568173,500
882,-214.5111556405511,-35.75185927342518,500
883,-192.60077916085194,-32.10012986014199,500
884,-220.54132682801784,-36.75688780466964,500
885,-231.15325330180443,-38.5255422169674,500
886,-231.96127453468017,-38.6602124224467,500
887,-195.20611457137431,-32.534352428562386,500
888,-219.43441974905127,-36.57240329150854,500
889,-190.33743052350974,-31.722905087251622,500
890,-199.98992783115318,-33.33165463852553,500
891,-229.4485402003439,-38.241423366723986,500
892,-199.65890684834943,-33.2764844747249,500
893,-196.52956180075233,-32.754926966792056,500
894,-180.39818291285886,-30.06636381880981,500
895,-172.08565134565762,-28.680941890942936,500
896,-193.26567712582533,-32.21094618763755,500
897,-232.35312805917795,-38.72552134319633,500
898,-205.66965399723514,-34.27827566620586,500
899,-207.12970889642108,-34.521618149403515,500
900,-185.10482948978358,-30.85080491496393,500
901,-215.36044304176568,-35.893407173627615,500
902,-180.37706975956795,-30.06284495992799,500
903,-185.58375430228733,-30.93062571704789,500
904,-162.0948228480514,-27.015803808008567,500
905,-229.30051741934068,-38.216752903223444,500
906,-147.58544495626435,-24.59757415937739,500
907,-175.90357492654354,-29.317262487757258,500
908,-212.86917196163338,-35.478195326938895,500
909,-205.09917465292423,-34.18319577548737,500
910,-210.23831722901934,-35.03971953816989,500
911,-226.19523294948104,-37.69920549158017,500
912,-155.8397222902801,-25.973287048380016,500
913,-223.2666937046416,-37.211115617440264,500
914,-210.3432014732823,-35.05720024554705,500
915,-234.7220590011758,-39.12034316686263,500
916,-224.75808824174305,-37.459681373623845,500
917,-233.3958444650067,-38.899307410834446,500
918,-211.1848992958656,-35.1974832159776,500
919,-231.9534810245716,-38.65891350409527,500
920,-180.5285654568193,-30.08809424280322,500
921,-219.50688222456634,-36.58448037076106,500
922,-222.608250168229,-37.10137502803817,500
923,-201.86195534481084,-33.64365922413514,500
924,-179.71829608272247,-29.953049347120412,500
925,-186.9104526501777,-31.15174210836295,500
926,-221.28694131214826,-36.881156885358045,500
927,-204.07642442635273,-34.01273740439212,500
928,-219.67847919393023,-36.61307986565504,500
929,-228.64380929178367,-38.10730154863061,500
930,-174.39400387728352,-29.06566731288059,500
931,-207.59621226728115,-34.59936871121352,500
932,-195.5673940179903,-32.59456566966505,500
933,-204.04999917795726,-34.00833319632621,500
934,-211.02898325113915,-35.17149720852319,500
935,-199.12392069072388,-33.18732011512065,500
936,-195.05541173519939,-32.5092352891999,500
937,-218.24604591434706,-36.37434098572451,500
938,-219.4693318635546,-36.5782219772591,500
939,-218.99137210011088,-36.49856201668515,500
940,-183.76393883027666,-30.62732313837944,500
941,-191.31358807160416,-31.885598011934025,500
942,-170.6226318406883,-28.437105306781387,500
943,-205.7432156722487,-34.290535945374785,500
944,-193.3943173449122,-32.23238622415203,500
945,-186.41073152303034,-31.06845525383839,500
946,-176.0922016696005,-29.34870027826675,500
947,-194.77041054586408,-32.46173509097735,500
948,-212.3277960232835,-35.387966003880585,500
949,-210.82837394491273,-35.13806232415212,500
950,-195.15412095118123,-32.52568682519687,500
951,-161.07712465589975,-26.84618744264996,500
952,-194.49412944392284,-32.41568824065381,500
953,-217.71929753507504,-36.286549589179174,500
954,-217.1158874098064,-36.185981234967734,500
955,-207.8779953749691,-34.64633256249485,500
956,-208.57429258088064,-34.76238209681344,500
957,-229.07403564478403,-38.17900594079734,500
958,-168.48661510166332,-28.081102516943886,500
959,-215.33984478924265,-35.88997413154044,500
960,-190.67675524531654,-31.779459207552758,500
961,-217.49123517819538,-36.2485391963659,500
962,-169.9799066047461,-28.329984434124352,500
963,-217.88965468030597,-36.31494244671766,500
964,-203.63234465398872,-33.93872410899812,500
965,-234.69633197129258,-39.11605532854876,500
966,-194.9930455646353,-32.49884092743922,500
967,-204.16022002927377,-34.02670333821229,500
968,-208.5252727369024,-34.754212122817066,500
969,-194.24381764974197,-32.37396960829033,500
970,-220.8451851070551,-36.80753085117585,500
971,-204.4573140677347,-34.07621901128912,500
972,-179.78068948521775,-29.96344824753629,500
973,-178.2645120471531,-29.710752007858847,500
974,-219.80482332891643,-36.63413722148607,500
975,-233.0962619809012,-38.849376996816865,500
976,-206.67328643340943,-34.445547738901574,500
977,-172.1670646131517,-28.694510768858617,500
978,-194.8267109255786,-32.471118487596435,500
979,-210.5999115605753,-35.099985260095885,500
980,-196.42679763735134,-32.737799606225224,500
981,-215.5491058158928,-35.924850969315465,500
982,-168.61788512202307,-28.102980853670513,500
983,-218.84886772074336,-36.47481128679056,500
984,-168.93781619483133,-28.156302699138553,500
985,-186.97239143557096,-31.162065239261825,500
986,-226.07266308201582,-37.67877718033597,500
987,-221.99766798796145,-36.99961133132691,500
988,-168.25803325929763,-28.04300554321627,500
989,-226.41475258773536,-37.735792097955894,500
990,-204.0826084942073,-34.01376808236788,500
991,-179.38504075015825,-29.897506791693043,500
992,-227.17096250112957,-37.8618270835216,500
993,-178.87588978056405,-29.812648296760674,500
994,-208.35908628802306,-34.726514381337175,500
995,-207.88146874141614,-34.64691145690269,500
996,-222.73050552724402,-37.12175092120734,500
997,-192.32216848343478,-32.05369474723913,500
998,-226.1659909931268,-37.6943318321878,500
999,-215.6554694210186,-35.94257823683643,500
1000,-220.50472707733243,-36.750787846222075,500
1001,-208.4021133280322,-34.73368555467203,500
1002,-212.28148079181125,-35.380246798635206,500
1003,-162.59685864136287,-27.099476440227146,500
1004,-242.60092420184935,-40.433487366974894,500
1005,-215.74833387332154,-35.95805564555359,500
1006,-222.51353043519885,-37.085588405866474,500
1007,-206.4037065980092,-34.40061776633487,500
1008,-213.41004592038792,-35.56834098673132,500
1009,-201.05435214318922,-33.50905869053154,500
1010,-225.56418428536819,-37.59403071422803,500
1011,-172.9529352160365,-28.825489202672752,500
1012,-197.80777565764268,-32.96796260960711,500
1013,-178.3617130665452,-29.726952177757536,500
1014,-188.06333917893875,-31.34388986315646,500
1015,-201.76097877032288,-33.626829795053816,500
1016,-194.01435974828254,-32.33572662471376,500
1017,-210.89097114798568,-35.148495191330944,500
1018,-194.54673360548986,-32.424455600914975,500
1019,-187.77418390697392,-31.295697317828985,500
1020,-225.27311130414583,-37.54551855069097,500
1021,-171.83286257153122,-28.63881042858854,500
1022,-169.39732390686433,-28.23288731781072,500
1023,-174.40212649595162,-29.067021082658602,500
1024,-193.91113883536548,-32.31852313922758,500
1025,-212.4527084485614,-35.4087847414269,500
1026,-181.55837092293845,-30.25972848715641,500
1027,-194.65886820125516,-32.443144700209196,500
1028,-185.07193585009065,-30.845322641681776,500
1029,-212.2530139487644,-35.37550232479406,500
1030,-203.80552215254448,-33.96758702542408,500
1031,-201.76052303936024,-33.626753839893375,500
1032,-245.2431108020567,-40.873851800342784,500
1033,-166.9786719495594,-27.8297786582599,500
1034,-203.85018782685523,-33.97503130447587,500
1035,-203.75549481607356,-33.95924913601226,500
1036,-218.3218385857529,-36.38697309762548,500
1037,-218.82511955058618,-36.47085325843103,500
1038,-235.72588022688493,-39.28764670448082,500
1039,-186.24168478667275,-31.04028079777879,500
1040,-232.5299631803877,-38.75499386339795,500
1041,-235.2943404519355,-39.21572340865592,500
1042,-192.5119326046082,-32.08532210076803,500
1043,-194.91717038304674,-32.48619506384112,500
1044,-233.3202421391124,-38.8867070231854,500
1045,-222.339630380125,-37.05660506335416,500
1046,-186.8574340983408,-31.1429056830568,500
1047,-213.16469488925614,-35.52744914820936,500
1048,-210.01086870787879,-35.00181145131313,500
1049,-221.27949155831746,-36.879915259719574,500
1050,-183.1036016008153,-30.517266933469216,500
1051,-208.28113123448944,-34.71352187241491,500
1052,-217.17920070637552,-36.196533451062585,500
1053,-192.5063898383951,-32.08439830639919,500
1054,-182.23659473567503,-30.37276578927917,500
1055,-195.22892014645183,-32.53815335774197,500
1056,-183.38701047832393,-30.56450174638732,500
1057,-220.95521121989765,-36.82586853664961,500
1058,-188.75813094721693,-31.459688491202822,500
1059,-205.80428991494298,-34.30071498582383,500
1060,-207.65280478325437,-34.608800797209064,500
1061,-220.95092945408655,-36.82515490901442,500
1062,-186.92568960387229,-31.15428160064538,500
1063,-232.22386282174466,-38.70397713695744,500
1064,-195.0141559724827,-32.50235932874712,500
1065,-177.45151316990652,-29.57525219498442,500
1066,-203.1157356089206,-33.852622601486765,500
1067,-202.0657988097613,-33.67763313496022,500
1068,-185.03820103103715,-30.839700171839525,500
1069,-184.19339919708676,-30.698899866181126,500
1070,-183.44428282276692,-30.57404713712782,500
1071,-204.2424046923433,-34.04040078205722,500
1072,-197.7915410367799,-32.965256839463315,500
1073,-184.82045151722977,-30.803408586204963,500
1074,-188.83479873800778,-31.47246645633463,500
1075,-203.63735301938576,-33.939558836564295,500
1076,-191.77680032765136,-31.96280005460856,500
1077,-219.03725996649194,-36.50620999441532,500
1078,-212.64191555944828,-35.440319259908044,500
1079,-208.32429605241353,-34.720716008735586,500
1080,-173.64498543709624,-28.940830906182708,500
1081,-186.32639516314288,-31.054399193857147,500
1082,-190.92295443479205,-31.820492405798674,500
1083,-216.66588284040853,-36.11098047340142,500
1084,-205.71556845367036,-34.28592807561173,500
1085,-196.75960462529184,-32.79326743754864,500
1086,-210.89609928181048,-35.14934988030175,500
1087,-205.39352695443156,-34.23225449240526,500
1088,-188.34303477805074,-31.390505796341788,500
1089,-198.31479457900525,-33.05246576316754,500
1090,-200.70328250831346,-33.45054708471891,500
1091,-222.3711297013321,-37.06185495022202,500
1092,-231.44609530250548,-38.57434921708425,500
1093,-198.81761346002315,-33.13626891000386,500
1094,-220.09099522479718,-36.6818325374662,500
1095,-201.9726868497777,-33.66211447496295,500
1096,-225.05237470115864,-37.508729116859776,500
1097,-208.87659627130625,-34.81276604521771,500
1098,-185.48153318197683,-30.913588863662806,500
1099,-191.71520781530884,-31.952534635884806,500
1100,-218.8767614809965,-36.47946024683275,500
1101,-203.925371133972,-33.987561855662,500
1102,-210.25651285881025,-35.04275214313504,500
1103,-188.15277539308508,-31.358795898847514,500
1104,-210.71750382055748,-35.11958397009291,500
1105,-196.5832307306199,-32.76387178843665,500
1106,-206.35230867390806,-34.39205144565134,500
1107,-196.02521212812732,-32.67086868802122,500
1108,-197.07110046307017,-32.845183410511694,500
1109,-190.0890948864581,-31.681515814409682,500
1110,-212.39515893255097,-35.39919315542516,500
1111,-228.64123393228698,-38.10687232204783,500
1112,-204.8559581802619,-34.14265969671032,500
1113,-184.71326496116703,-30.785544160194505,500
1114,-197.1022908817429,-32.85038181362382,500
1115,-177.1771457802455,-29.52952429670758,500
1116,-172.49185966210806,-28.748643277018008,500
1117,-213.44460846837887,-35.57410141139648,500
1118,-209.3415617112741,-34.89026028521235,500
1119,-165.1267896887008,-27.521131614783467,500
1120,-229.7957201547784,-38.29928669246306,500
1121,-195.58925935547026,-32.598209892578375,500
1122,-210.93156692252157,-35.15526115375359,500
1123,-225.71010197720955,-37.61835032953493,500
1124,-206.2166428226859,-34.36944047044765,500
1125,-198.3711601269996,-33.0618600211666,500
1126,-181.51237631274412,-30.252062718790686,500
1127,-193.6565103693655,-32.27608506156091,500
1128,-213.69853305249433,-35.61642217541572,500
1129,-192.56148103738553,-32.09358017289759,500
1130,-153.39201013599333,-25.565335022665554,500
1131,-195.88564261346735,-32.64760710224456,500
1132,-201.13032301587518,-33.52172050264586,500
1133,-195.435089226347,-32.572514871057834,500
1134,-222.00002444780364,-37.00000407463394,500
1135,-195.18334202419064,-32.53055700403177,500
1136,-201.31402366854468,-33.55233727809078,500
1137,-96.31574899528584,-16.05262483254764,500
1138,-199.7794192154442,-33.2965698692407,500
1139,-182.24121532092144,-30.37353588682024,500
1140,-215.78035567295234,-35.96339261215872,500
1141,-214.61751225933526,-35.769585376555874,500
1142,-200.502322318215,-33.4170537197025,500
1143,-190.79556119971647,-31.799260199952744,500
1144,-203.09334248984337,-33.848890414973894,500
1145,-223.76048617220698,-37.2934143620345,500
1146,-221.0206362599615,-36.83677270999358,500
1147,-203.80303637926173,-33.96717272987696,500
1148,-217.86158730154918,-36.310264550258196,500
1149,-210.30064663208344,-35.05010777201391,500
1150,-195.90349930938135,-32.650583218230224,500
1151,-241.73275432416534,-40.28879238736089,500
1152,-198.54750480733165,-33.09125080122194,500
1153,-203.6539959567972,-33.942332659466196,500
1154,-205.98236709590864,-34.33039451598477,500
1155,-222.17738926989512,-37.02956487831585,500
1156,-206.0896791957819,-34.348279865963654,500
1157,-181.07161127190324,-30.17860187865054,500
1158,-211.3884077205257,-35.231401286754284,500
1159,-166.3867004337876,-27.7311167389646,500
1160,-198.07883227538883,-33.0131387125648,500
1161,-223.6010939223675,-37.26684898706125,500
1162,-218.7529659992996,-36.45882766654993,500
1163,-211.67715184071827,-35.279525306786375,500
1164,-229.4604900343882,-38.243415005731364,500
1165,-174.04131706072795,-29.00688617678799,500
1166,-181.8451963850412,-30.307532730840197,500
1167,-199.53429915770786,-33.255716526284644,500
1168,-172.33380072824335,-28.72230012137389,500
1169,-222.5882995951991,-37.09804993253318,500
1170,-199.21187334893344,-33.201978891488906,500
1171,-184.28664960763908,-30.71444160127318,500
1172,-200.27262717242237,-33.37877119540373,500
1173,-200.18687426341867,-33.36447904390311,500
1174,-193.71063433056116,-32.285105721760196,500
1175,-221.10645178389728,-36.851075297316214,500
1176,-206.22886196984362,-34.37147699497394,500
1177,-202.10994070981275,-33.684990118302125,500
1178,-185.5718821935027,-30.92864703225045,500
1179,-210.62185209534016,-35.103642015890024,500
1180,-201.86357823048593,-33.643929705080986,500
1181,-213.6883734682629,-35.61472891137715,500
1182,-212.5455606892698,-35.4242601148783,500
1183,-205.2811648822958,-34.21352748038263,500
1184,-215.0947412390531,-35.84912353984218,500
1185,-227.38462391941044,-37.89743731990174,500
1186,-202.6362284277227,-33.77270473795378,500
1187,-176.08565066216494,-29.347608443694156,500
1188,-207.1484403656994,-34.5247400609499,500
1189,-218.67040141897158,-36.44506690316193,500
1190,-237.48910452359263,-39.58151742059877,500
1191,-188.06681681167888,-31.344469468613145,500
1192,-209.45597177459,-34.90932862909833,500
1193,-192.53228560548771,-32.08871426758129,500
1194,-219.5220987758345,-36.587016462639085,500
1195,-214.2575655120289,-35.70959425200481,500
1196,-184.56767803661054,-30.761279672768424,500
1197,-205.1464515879727,-34.19107526466212,500
1198,-199.0567835069699,-33.176130584494985,500
1199,-203.74607815196867,-33.95767969199478,500
1200,-236.2479944016741,-39.37466573361235,500
1201,-228.05047431928477,-38.00841238654746,500
1202,-238.64215059758735,-39.773691766264555,500
1203,-187.3907570949427,-31.231792849157117,500
1204,-200.9368375192767,-33.489472919879454,500
1205,-244.06246583331415,-40.67707763888569,500
1206,201.35211108524234,33.558685180873724,500
1207,-228.71975797398386,-38.11995966233064,500
1208,-197.12323389735886,-32.85387231622648,500
1209,-182.66431748377425,-30.444052913962377,500
1210,-220.79875144548936,-36.79979190758156,500
1211,-200.1700394882055,-33.36167324803425,500
1212,-217.96136069186355,-36.32689344864392,500
1213,-226.41743877375512,-37.736239795625856,500
1214,-177.83680624076538,-29.639467706794232,500
1215,-173.476220830545,-28.9127034717575,500
1216,-172.05910438682946,-28.67651739780491,500
1217,-224.19294299827493,-37.365490499712486,500
1218,-213.33214508206248,-35.55535751367708,500
1219,-223.3469538992966,-37.22449231654944,500
1220,-199.51294564570156,-33.25215760761693,500
1221,-206.30638890163073,-34.384398150271785,500
1222,-216.73004827353694,-36.12167471225616,500
1223,-219.3567459816017,-36.559457663600284,500
1224,-195.94335715725637,-32.65722619287606,500
1225,-214.82507448130076,-35.80417908021679,500
1226,-229.73162548950083,-38.28860424825014,500
1227,-148.2166090004837,-24.70276816674728,500
1228,-190.8281269289957,-31.804687821499282,500
1229,-182.13662833421665,-30.35610472236944,500
1230,-231.91716406327728,-38.65286067721288,500
1231,-181.83407910531153,-30.305679850885255,500
1232,-209.253273765342,-34.875545627556995,500
1233,-179.71198871281297,-29.951998118802162,500
1234,-195.32632327651748,-32.554387212752914,500
1235,-176.17440452506747,-29.362400754177912,500
1236,-250.18816844759644,-41.69802807459941,500
1237,-202.54694519749785,-33.75782419958298,500
1238,-191.49094108053387,-31.915156846755647,500
1239,-187.2441458666569,-31.20735764444282,500
1240,-221.14332692752774,-36.857221154587954,500
1241,-225.88415559372532,-37.647359265620885,500
1242,-180.5844317951046,-30.0974052991841,500
1243,-200.62443003929997,-33.437405006549994,500
1244,-212.35554299175772,-35.392590498626284,500
1245,-190.17168872684982,-31.69528145447497,500
1246,-182.78383049943767,-30.46397174990628,500
1247,-193.07795292616137,-32.1796588210269,500
1248,-178.5333001727231,-29.755550028787184,500
1249,-163.02296815940605,-27.170494693234343,500
1250,-188.04670743720612,-31.34111790620102,500
1251,-199.55188931578684,-33.258648219297804,500
1252,-210.15472033639796,-35.025786722732995,500
1253,-174.66386602867155,-29.110644338111925,500
1254,-225.99995196573565,-37.66665866095594,500
1255,-207.82049682306285,-34.63674947051047,500
1256,-176.95589918164757,-29.492649863607927,500
1257,-202.28689881927602,-33.714483136546,500
1258,-198.32485133209605,-33.05414188868267,500
1259,-243.37879200199052,-40.563132000331755,500
1260,-181.355342584776,-30.225890430796,500
1261,-225.35312303604067,-37.55885383934011,500
1262,-190.629634052791,-31.771605675465167,500
1263,-182.28897979505695,-30.381496632509492,500
1264,-186.93575302710605,-31.155958837851006,500
1265,-210.02733309295814,-35.004555515493024,500
1266,-191.03676335914383,-31.839460559857304,500
1267,-191.61691405506832,-31.936152342511388,500
1268,-196.96241356554765,-32.82706892759128,500
1269,-219.58209586739054,-36.59701597789842,500
1270,-209.99663925223425,-34.999439875372374,500
1271,-207.77654217648285,-34.62942369608047,500
1272,-189.53794529149837,-31.589657548583062,500
1273,-88.03539675432073,-14.672566125720122,500
1274,-184.83220732365567,-30.805367887275946,500
1275,-191.62323487638187,-31.937205812730312,500
1276,-216.1408820127874,-36.02348033546456,500
1277,-220.89780599361757,-36.81630099893626,500
1278,-218.1312070903434,-36.3552011817239,500
1279,-200.55066442339933,-33.42511073723322,500
1280,-227.86708269621843,-37.97784711603641,500
1281,-246.90153642248984,-41.150256070414976,500
1282,-214.94865769495644,-35.82477628249274,500
1283,-210.70406940032683,-35.11734490005447,500
1284,-214.23628523573728,-35.70604753928955,500
1285,-193.88063005287148,-32.31343834214525,500
1286,-190.1501628769193,-31.69169381281988,500
1287,-180.55204678355582,-30.092007797259303,500
1288,-191.69815728329144,-31.94969288054857,500
1289,-122.72774226207855,-20.454623710346425,500
1290,-228.54836564337762,-38.09139427389627,500
1291,-209.8563461752611,-34.976057695876854,500
1292,-205.98051207888253,-34.33008534648042,500
1293,-189.63265613058914,-31.605442688431523,500
1294,-206.77031825092337,-34.46171970848723,500
1295,-188.3552061264988,-31.39253435441647,500
1296,-208.0783715028186,-34.679728583803104,500
1297,-202.48449435359467,-33.74741572559911,500
1298,-190.14787150136084,-31.691311916893472,500
1299,-199.2779179051925,-33.212986317532085,500
1300,-226.8895010184462,-37.8149168364077,500
1301,-199.53759053953755,-33.25626508992293,500
1302,-197.73460138591685,-32.95576689765281,500
1303,-168.71256758387813,-28.11876126397969,500
1304,-180.4555205466493,-30.075920091108216,500
1305,-237.13626027976673,-39.522710046627786,500
1306,-209.82840465356713,-34.971400775594525,500
1307,-239.56048425080115,-39.92674737513352,500
1308,-167.58918699304706,-27.931531165507845,500
1309,-249.9300661113171,-41.65501101855285,500
1310,-178.38222573308207,-29.730370955513678,500
1311,-194.9865616189492,-32.497760269824866,500
1312,-191.13334489573947,-31.855557482623244,500
1313,-234.68847357979362,-39.11474559663227,500
1314,-188.1727508166183,-31.36212513610305,500
1315,-226.9341494329782,-37.8223582388297,500
1316,-192.34672600688262,-32.05778766781377,500
1317,-181.6520271987795,-30.27533786646325,500
1318,-206.78399993117523,-34.4639999885292,500
1319,-174.00629400804738,-29.00104900134123,500
1320,-226.87266623615025,-37.81211103935838,500
1321,-226.69698916287848,-37.78283152714641,500
1322,-187.61497037880818,-31.269161729801365,500
1323,-189.3774319661808,-31.5629053276968,500
1324,-237.25276706090483,-39.54212784348414,500
1325,-189.79986048680223,-31.633310081133704,500
1326,-186.13090868609308,-31.021818114348847,500
1327,-220.87205958865613,-36.81200993144269,500
1328,-196.99302516219504,-32.83217086036584,500
1329,-199.73658698471652,-33.28943116411942,500
1330,-221.65093347294282,-36.94182224549047,500
1331,-194.41590617141185,-32.40265102856864,500
1332,-218.88161087389122,-36.48026847898187,500
1333,-237.35551552882,-39.559252588136665,500
1334,-231.24512521086172,-38.54085420181028,500
1335,-216.8011006292571,-36.13351677154285,500
1336,-172.71528399305808,-28.78588066550968,500
1337,-205.98675291715605,-34.331125486192676,500
1338,-182.08462317212292,-30.34743719535382,500
1339,-213.61237220933884,-35.602062034889805,500
1340,-208.5538465642434,-34.7589744273739,500
1341,-202.62198010175484,-33.77033001695914,500
1342,-170.15633847464608,-28.359389745774347,500
1343,-204.9672988890525,-34.16121648150875,500
1344,-181.09415942382648,-30.18235990397108,500
1345,-202.6960860574169,-33.78268100956948,500
1346,-192.47995243578941,-32.07999207263157,500
1347,-198.6688892130236,-33.111481535503934,500
1348,-204.84119207398672,-34.140198678997784,500
1349,-190.94864184726802,-31.824773641211337,500
1350,-205.1517198063587,-34.19195330105978,500
1351,-193.21109008682464,-32.20184834780411,500
1352,-240.42986751721037,-40.07164458620173,500
1353,-191.4053933498759,-31.900898891645983,500
1354,-187.97728934028572,-31.329548223380954,500
1355,-175.65121361648661,-29.275202269414436,500
1356,-195.38288110011032,-32.56381351668505,500
1357,-184.93725643175694,-30.822876071959488,500
1358,-193.018055615182,-32.169675935863665,500
1359,-221.9975256527511,-36.99958760879185,500
1360,-123.52965301445008,-20.588275502408347,500
1361,-181.301464404469,-30.216910734078166,500
1362,-222.69274204229083,-37.11545700704847,500
1363,-197.45620910156998,-32.909368183595,500
1364,-194.38414150549215,-32.39735691758202,500
1365,-206.37034079382727,-34.39505679897121,500
1366,-220.4451094656564,-36.7408515776094,500
1367,-190.07758758465303,-31.679597930775504,500
1368,-195.05827405800548,-32.50971234300091,500
1369,-205.44410777306607,-34.24068462884434,500
1370,-216.7826027287858,-36.130433788130965,500
1371,-214.71719926413832,-35.78619987735639,500
1372,-216.57740750139732,-36.09623458356622,500
1373,-206.30901219323914,-34.38483536553986,500
1374,-218.56021469346325,-36.42670244891054,500
1375,-187.63518314224748,-31.272530523707914,500
1376,-203.5173214865751,-33.91955358109585,500
1377,-210.48123716944144,-35.08020619490691,500
1378,-215.00775312484717,-35.83462552080786,500
1379,-86.02469808154748,-14.337449680257913,500
1380,-223.75030262938662,-37.29171710489777,500
1381,-207.90129958649,-34.65021659774833,500
1382,-187.88720795876327,-31.31453465979388,500
1383,-214.3566193216921,-35.72610322028202,500
1384,-176.85783303595144,-29.476305505991906,500
1385,-191.149099803612,-31.858183300601997,500
1386,-217.85006534279484,-36.30834422379914,500
1387,-191.86143946234017,-31.976906577056695,500
1388,-213.07922291638903,-35.51320381939817,500
1389,-189.90640298980384,-31.651067164967305,500
1390,-208.98487055779415,-34.83081175963236,500
1391,-226.74225969213825,-37.79037661535637,500
1392,-199.10359018149612,-33.18393169691602,500
1393,-176.86525274430488,-29.477542124050814,500
1394,-206.54494352717876,-34.424157254529796,500
1395,-172.18896538635832,-28.698160897726385,500
1396,-191.8286313108496,-31.971438551808266,500
1397,-222.149973079771,-37.02499551329517,500
1398,-218.84632159326827,-36.47438693221138,500
1399,-207.90016343025684,-34.65002723837614,500
1400,-207.58316754386215,-34.59719459064369,500
1401,-192.8358445650413,-32.139307427506886,500
1402,-224.36931957613405,-37.39488659602234,500
1403,-224.97208586519048,-37.49534764419841,500
1404,-238.82174032759136,-39.80362338793189,500
1405,-232.18033573525224,-38.69672262254204,500
1406,-221.36228652822706,-36.89371442137118,500
1407,-209.9566856211529,-34.992780936858814,500
1408,-222.5426292167742,-37.0904382027957,500
1409,-198.52999838790538,-33.0883330646509,500
1410,-248.27444920833906,-41.37907486805651,500
1411,-199.3737718809457,-33.228961980157614,500
1412,-197.07176356802472,-32.84529392800412,500
1413,-211.47953151263496,-35.24658858543916,500
1414,-199.08892488669954,-33.18148748111659,500
1415,-241.29414241084726,-40.215690401807876,500
1416,-201.32023869786605,-33.55337311631101,500
1417,-201.01378670738717,-33.502297784564526,500
1418,-126.65341789247046,-21.10890298207841,500
1419,-212.86856830280703,-35.4780947171345,500
1420,-218.0166821644357,-36.336113694072615,500
1421,-175.58710328927745,-29.264517214879575,500
1422,-233.13749735296952,-38.85624955882825,500
1423,-206.60737064742207,-34.43456177457035,500
1424,-209.56047845024582,-34.926746408374306,500
1425,-221.9193221211487,-36.986553686858116,500
1426,-188.9096530553634,-31.484942175893902,500
1427,-199.4785268029979,-33.24642113383298,500
1428,-248.74045462338597,-41.45674243723099,500
1429,-194.55818912137397,-32.426364853562326,500
1430,-219.64186624018694,-36.606977706697826,500
1431,-219.00957402626028,-36.50159567104338,500
1432,-200.69750497291807,-33.44958416215301,500
1433,-191.43180944324175,-31.905301573873626,500
1434,-219.5863369105419,-36.59772281842365,500
1435,-183.29162240987773,-30.548603734979622,500
1436,-190.94390314273545,-31.823983857122574,500
1437,-213.25540080526972,-35.542566800878284,500
1438,-201.5463354560688,-33.591055909344796,500
1439,-253.48480461497186,-42.247467435828646,500
1440,-240.60273834027583,-40.10045639004597,500
1441,-196.21354822130525,-32.70225803688421,500
1442,-203.15442188155404,-33.85907031359234,500
1443,-188.19904746266903,-31.366507910444838,500
1444,-225.23387112053666,-37.538978520089444,500
1445,-227.05134324637794,-37.84189054106299,500
1446,-180.77487836402034,-30.12914639400339,500
1447,-237.45007309914538,-39.5750121831909,500
1448,-235.46911714172035,-39.24485285695339,500
1449,-188.50745864307294,-31.41790977384549,500
1450,-230.78800814348347,-38.46466802391391,500
1451,-195.78485282161782,-32.63080880360297,500
1452,-217.64883949930743,-36.2748065832179,500
1453,-210.81926796025135,-35.13654466004189,500
1454,-184.16070006635596,-30.693450011059326,500
1455,-220.64722468104574,-36.77453744684096,500
1456,-187.9511616683051,-31.325193611384183,500
1457,-176.51599832817203,-29.41933305469534,500
1458,-193.83962420931667,-32.306604034886114,500
1459,-209.00493904228554,-34.83415650704759,500
1460,-224.5726356073111,-37.42877260121852,500
1461,-197.0350839358768,-32.83918065597947,500
1462,-201.67150274165496,-33.61191712360916,500
1463,-231.43802322976956,-38.57300387162826,500
1464,-218.49762520155411,-36.416270866925686,500
1465,-176.81720257200467,-29.46953376200078,500
1466,330.3070491958806,55.0511748659801,500
1467,-220.21706320366889,-36.70284386727815,500
1468,-175.73375960266623,-29.288959933777704,500
1469,-176.11350810234063,-29.352251350390105,500
1470,-218.16136527134398,-36.360227545224,500
1471,-218.92958289395906,-36.48826381565984,500
1472,-224.74623108973378,-37.457705181622295,500
1473,-193.634864961734,-32.27247749362233,500
1474,-172.99209193119674,-28.832015321866123,500
1475,-200.2236698107182,-33.3706116351197,500
1476,-178.9776657621481,-29.829610960358014,500
1477,-195.11821700312322,-32.51970283385387,500
1478,-189.35579674297225,-31.55929945716204,500
1479,-216.7366244309684,-36.12277073849473,500
1480,-189.06572637376607,-31.510954395627678,500
1481,-227.93786831773252,-37.989644719622085,500
1482,-209.6980823698969,-34.94968039498281,500
1483,-211.83128833866792,-35.30521472311132,500
1484,-213.29276345198556,-35.54879390866426,500
1485,-225.0115914480055,-37.50193190800092,500
1486,-197.5733227448363,-32.928887124139386,500
1487,-203.8802492761782,-33.9800415460297,500
1488,-229.49331358770547,-38.24888559795091,500
1489,-227.27224121355744,-37.87870686892624,500
1490,-168.21227680076993,-28.03537946679499,500
1491,-208.31072045123278,-34.7184534085388,500
1492,-214.3942768225014,-35.7323794704169,500
1493,-199.90618502080943,-33.31769750346824,500
1494,-213.98363704096363,-35.66393950682727,500
1495,-219.97385943345026,-36.66230990557504,500
1496,-208.45388956120894,-34.742314926868154,500
1497,-212.6843110065628,-35.447385167760466,500
1498,-174.22958676681552,-29.03826446113592,500
1499,-190.22111099261252,-31.703518498768755,500
1500,-180.35919791893667,-30.059866319822778,500
1501,-178.2674726479284,-29.7112454413214,500
1502,-213.8369069567206,-35.63948449278677,500
1503,-153.06860102507906,-25.511433504179845,500
1504,-193.30776404472067,-32.217960674120114,500
1505,-212.3288452610804,-35.388140876846734,500
1506,-160.47286263013882,-26.745477105023138,500
1507,-208.8035171934972,-34.8005861989162,500
1508,-184.5972891078871,-30.766214851314515,500
1509,-234.38584155295416,-39.06430692549236,500
1510,-206.9969721886293,-34.49949536477155,500
1511,-191.17015708809004,-31.861692848015007,500
1512,-210.8439563804266,-35.14065939673777,500
1513,-177.11010913044828,-29.51835152174138,500
1514,-215.88489157771323,-35.980815262952206,500
1515,-179.2943278324501,-29.88238797207502,500
1516,-242.0459882594096,-40.34099804323493,500
1517,-184.8049140641142,-30.8008190106857,500
1518,-208.2146931213626,-34.70244885356043,500
1519,-187.3882157103942,-31.2313692850657,500
1520,-179.99940763257487,-29.999901272095812,500
1521,-229.5987735640963,-38.266462260682715,500
1522,-197.38468102701216,-32.89744683783536,500
1523,-228.44275298809725,-38.07379216468288,500
1524,-195.1861037036673,-32.53101728394455,500
1525,-235.50335892345805,-39.25055982057634,500
1526,-206.9300211660368,-34.48833686100613,500
1527,-198.98406274703459,-33.1640104578391,500
1528,-221.9847417172709,-36.99745695287849,500
1529,-211.71781738514062,-35.286302897523434,500
1530,-212.00386560729385,-35.33397760121564,500
1531,-235.40394386408792,-39.23399064401465,500
1532,-211.3698364510339,-35.22830607517232,500
1533,-207.58901183478588,-34.59816863913098,500
1534,-175.64525197155922,-29.274208661926536,500
1535,-198.89697638932557,-33.14949606488759,500
1536,-203.13035014974656,-33.855058358291096,500
1537,-176.58182872382037,-29.430304787303395,500
1538,-225.13574721862472,-37.522624536437455,500
1539,-234.51387806280087,-39.08564634380014,500
1540,-195.2559826971626,-32.54266378286044,500
1541,-180.6162133762278,-30.1027022293713,500
1542,-208.87327864903705,-34.81221310817284,500
1543,-195.87331416718558,-32.645552361197595,500
1544,-194.5337414460237,-32.42229024100395,500
1545,-210.15976119818322,-35.02662686636387,500
1546,-199.7989272357166,-33.29982120595277,500
1547,-198.03651110462124,-33.00608518410354,500
1548,-192.14790651184248,-32.02465108530708,500
1549,-170.31021238662606,-28.38503539777101,500
1550,-211.00251207717034,-35.16708534619506,500
1551,-195.6680759364164,-32.61134598940273,500
1552,-174.4964751083446,-29.08274585139077,500
1553,-217.5223100376502,-36.25371833960836,500
1554,-195.61901048417462,-32.603168414029106,500
1555,-215.22215544641938,-35.8703592410699,500
1556,-246.02636298808662,-41.00439383134777,500
1557,-183.47877424726568,-30.57979570787761,500
1558,-198.03248930066314,-33.005414883443855,500
1559,-228.46662151532348,-38.07777025255391,500
1560,-211.46146607528277,-35.24357767921379,500
1561,-191.20202495003565,-31.867004158339274,500
1562,-232.25540756459625,-38.70923459409938,500
1563,-191.18564535041,-31.864274225068332,500
1564,-186.57140580428833,-31.095234300714722,500
1565,-181.50327549094533,-30.250545915157556,500
1566,-201.29055457357637,-33.54842576226273,500
1567,-204.5486270437059,-34.09143784061765,500
1568,-219.55122792112957,-36.59187132018826,500
1569,-203.68653764463866,-33.947756274106446,500
1570,-193.61582052903984,-32.26930342150664,500
1571,-218.0419351195605,-36.34032251992675,500
1572,-217.8723036355158,-36.3120506059193,500
1573,-201.17493772417765,-33.529156287362945,500
1574,-219.77324966741256,-36.62887494456876,500
1575,-180.4878664324906,-30.081311072081764,500
1576,-214.14601018713805,-35.69100169785634,500
1577,-186.0179720879948,-31.002995347999132,500
1578,-188.71365007335532,-31.452275012225886,500
1579,-199.77115985835871,-33.29519330972645,500
1580,-202.81015227325446,-33.80169204554241,500
1581,-270.78793035505805,-45.13132172584301,500
1582,-213.39359599612578,-35.56559933268763,500
1583,-186.1539350114754,-31.0256558352459,500
1584,-210.1926318123336,-35.0321053020556,500
1585,-228.16751090296458,-38.02791848382743,500
1586,-220.41492820880603,-36.73582136813434,500
1587,-211.93719064476164,-35.322865107460274,500
1588,-172.66924605920372,-28.778207676533953,500
1589,-168.68622322672059,-28.114370537786765,500
1590,-190.26419578721791,-31.710699297869652,500
1591,-219.09056431081638,-36.51509405180273,500
1592,-219.5910026643237,-36.59850044405395,500
1593,-196.73979817638036,-32.78996636273006,500
1594,-180.31082174253876,-30.05180362375646,500
1595,-145.83602692712864,-24.306004487854775,500
1596,-198.66063209693544,-33.11010534948924,500
1597,-196.7816342269772,-32.79693903782953,500
1598,-201.9824529697242,-33.663742161620696,500
1599,-26.68724332670329,-4.4478738877838815,500
1600,-204.57451123807337,-34.095751873012226,500
1601,-203.83940477178663,-33.973234128631105,500
1602,-202.50618181838382,-33.75103030306397,500
1603,-175.96174687600742,-29.326957812667903,500
1604,-201.9508385221473,-33.658473087024554,500
1605,-207.03491334273042,-34.50581889045507,500
1606,-195.7150010415324,-32.619166840255396,500
1607,-190.14393232512285,-31.690655387520476,500
1608,-221.317939487699,-36.88632324794983,500
1609,-220.005226648595,-36.66753777476583,500
1610,-229.64981816174412,-38.27496969362402,500
1611,-199.5711601586712,-33.2618600264452,500
1612,-231.42203147452037,-38.57033857908673,500
1613,-238.73086237412002,-39.78847706235334,500
1614,-206.65092965352457,-34.44182160892076,500
1615,-213.54310818460493,-35.59051803076749,500
1616,-182.98898103978343,-30.498163506630572,500
1617,-192.0895359720111,-32.01492266200185,500
1618,-218.18170599118446,-36.36361766519741,500
1619,-231.5636417660053,-38.59394029433422,500
1620,-212.54648358043835,-35.42441393007306,500
1621,-198.61968392855567,-33.10328065475928,500
1622,-207.2752599276522,-34.5458766546087,500
1623,-204.76871111781196,-34.12811851963533,500
1624,-210.7169541319422,-35.1194923553237,500
1625,-227.27798089370543,-37.879663482284236,500
1626,-210.54460035692995,-35.09076672615499,500
1627,-230.0788230547542,-38.3464705091257,500
1628,-199.04432387693856,-33.17405397948976,500
1629,-201.24654637307523,-33.541091062179206,500
1630,-195.17183407151722,-32.52863901191954,500
1631,-251.71571286099882,-41.95261881016647,500
1632,-211.4618787769732,-35.24364646282887,500
1633,-173.2930046809141,-28.882167446819015,500
1634,-173.6489431084936,-28.941490518082265,500
1635,-184.37217611409577,-30.72869601901596,500
1636,-197.29745765343685,-32.88290960890614,500
1637,-189.77619513818726,-31.629365856364544,500
1638,-207.61781574153076,-34.602969290255125,500
1639,-200.3469565264383,-33.39115942107305,500
1640,-203.0638297623033,-33.84397162705055,500
1641,-186.2163121736371,-31.03605202893952,500
1642,-177.46392456948027,-29.577320761580044,500
1643,-227.22998761726126,-37.871664602876876,500
1644,-203.18615441052,-33.86435906842,500
1645,-202.12536400651982,-33.6875606677533,500
1646,-186.89536210485562,-31.149227017475937,500
1647,-220.13645100466118,-36.689408500776864,500
1648,-180.6884257185597,-30.11473761975995,500
1649,-214.89881875971082,-35.81646979328514,500
1650,-198.29484986505517,-33.04914164417586,500
1651,-198.14593190162037,-33.02432198360339,500
1652,-213.45514567159012,-35.57585761193169,500
1653,-182.48010455901655,-30.413350759836092,500
1654,-216.7393216787132,-36.123220279785535,500
1655,-189.37506934088677,-31.56251155681446,500
1656,-254.01513544004032,-42.33585590667339,500
1657,-219.71630722079775,-36.61938453679962,500
1658,-164.78708763921654,-27.46451460653609,500
1659,-223.76838303834776,-37.294730506391296,500
1660,-169.3607741604335,-28.22679569340558,500
1661,-187.32013631099608,-31.220022718499347,500
1662,-211.49182070741477,-35.24863678456913,500
1663,-175.97212309457427,-29.328687182429046,500
1664,-193.1826759546676,-32.19711265911126,500
1665,-207.68539030132558,-34.614231716887595,500
1666,-215.38925723836533,-35.89820953972755,500
1667,-207.97759936087672,-34.66293322681279,500
1668,-211.22091697710738,-35.20348616285123,500
1669,-171.12655411064515,-28.52109235177419,500
1670,-195.34288723235514,-32.55714787205919,500
1671,-198.0308106469493,-33.005135107824884,500
1672,-192.32773314765134,-32.05462219127522,500
1673,-196.00344429931408,-32.66724071655235,500
1674,-193.04887468867784,-32.174812448112974,500
1675,-234.80591559499146,-39.13431926583191,500
1676,-229.02484722520603,-38.17080787086767,500
1677,-163.96413050516418,-27.32735508419403,500
1678,-214.0611087424197,-35.67685145706995,500
1679,-199.68783183480855,-33.281305305801425,500
1680,-239.24878170018994,-39.87479695003166,500
1681,-199.42630284184207,-33.23771714030701,500
1682,-192.505986678763,-32.08433111312717,500
1683,-221.87494384085133,-36.97915730680855,500
1684,-192.34478125601245,-32.05746354266874,500
1685,-197.9975960023357,-32.99959933372262,500
1686,-210.65670681279158,-35.109451135465264,500
1687,-190.13724096070237,-31.689540160117062,500
1688,-200.92677369706024,-33.487795616176705,500
1689,-200.26084405972878,-33.37680734328813,500
1690,-234.7411698882754,-39.123528314712566,500
1691,-194.00400665808132,-32.33400110968022,500
1692,-244.06656295361003,-40.67776049226834,500
1693,-185.55523405635526,-30.925872342725878,500
1694,-187.84290305972763,-31.307150509954607,500
1695,-216.25243547110887,-36.042072578518145,500
1696,-199.95508562625753,-33.32584760437626,500
1697,-219.5625858500356,-36.59376430833927,500
1698,-218.40138327502555,-36.400230545837594,500
1699,-191.24890481105476,-31.874817468509125,500
1700,-210.9687069712099,-35.16145116186832,500
1701,-190.98097564534515,-31.830162607557526,500
1702,-220.58890389420924,-36.76481731570154,500
1703,-188.27295465081693,-31.378825775136153,500
1704,-183.8727245866364,-30.64545409777273,500
1705,-218.5479330405437,-36.42465550675728,500
1706,-207.38263359961732,-34.56377226660289,500
1707,-186.2583187121906,-31.043053118698435,500
1708,-168.27735151757267,-28.046225252928778,500
1709,-210.89309175541584,-35.14884862590264,500
1710,-189.33600390873417,-31.556000651455694,500
1711,-205.0073653824685,-34.16789423041141,500
1712,-217.19769319395505,-36.19961553232584,500
1713,-175.78120320949182,-29.29686720158197,500
1714,-218.2645302015331,-36.37742170025552,500
1715,-244.2545683199947,-40.709094719999115,500
1716,-53.292814547016796,-8.882135757836133,500
1717,-188.38477414585975,-31.397462357643292,500
1718,-192.5398039142872,-32.089967319047865,500
1719,-229.10209091659192,-38.18368181943199,500
1720,-236.99387222536632,-39.49897870422772,500
1721,-189.9172393133066,-31.652873218884434,500
1722,101.71834153201975,16.95305692200329,500
1723,-241.81932335713023,-40.303220559521705,500
1724,-228.92041594342925,-38.15340265723821,500
1725,-192.24963480054842,-32.0416058000914,500
1726,-191.8829322266144,-31.980488704435732,500
1727,-217.70733756693215,-36.28455626115536,500
1728,-212.46930861559093,-35.41155143593182,500
1729,-198.74475969688743,-33.124126616147905,500
1730,-208.79078215589664,-34.79846369264944,500
1731,-179.09046550489057,-29.84841091748176,500
1732,-214.87132622818103,-35.81188770469684,500
1733,-193.13075846347263,-32.188459743912105,500
1734,-188.5110692901954,-31.4185115483659,500
1735,-194.0971181322287,-32.34951968870478,500
1736,-206.62269551590336,-34.43711591931723,500
1737,-181.4813936383284,-30.2468989397214,500
1738,-213.01613107180526,-35.50268851196754,500
1739,-219.57774116135022,-36.59629019355837,500
1740,-189.54952775930843,-31.591587959884738,500
1741,-212.77021317117718,-35.461702195196196,500
1742,-201.87306719910603,-33.64551119985101,500
1743,-190.8571327065335,-31.80952211775558,500
1744,-176.20459891938688,-29.367433153231147,500
1745,-252.90583920391913,-42.15097320065319,500
1746,-164.84883494992138,-27.4748058249869,500
1747,-181.43185787618194,-30.238642979363657,500
1748,-191.91093465498795,-31.985155775831327,500
1749,-205.3003131001068,-34.2167188500178,500
1750,-195.9600481812683,-32.66000803021138,500
1751,-202.8173715507824,-33.802895258463735,500
1752,-174.6799895108985,-29.11333158514975,500
1753,-198.59336379263962,-33.098893965439935,500
1754,-229.54079171465452,-38.256798619109084,500
1755,-203.22905033258002,-33.87150838876334,500
1756,-225.77289354445756,-37.628815590742924,500
1757,-240.2307516041214,-40.0384586006869,500
1758,-236.04542800700094,-39.34090466783349,500
1759,-239.80942293692476,-39.968237156154125,500
1760,-203.48221460548532,-33.913702434247554,500
1761,-226.8420147799073,-37.80700246331788,500
1762,-218.85466597634624,-36.475777662724376,500
1763,-249.18865719926904,-41.53144286654484,500
1764,-190.0437129585286,-31.673952159754766,500
1765,-175.90961936324746,-29.318269893874575,500
1766,-122.74156964489757,-20.456928274149593,500
1767,-226.32544708954157,-37.72090784825693,500
1768,-170.16495127329785,-28.36082521221631,500
1769,-196.73630705224025,-32.78938450870671,500
1770,-224.82036662727916,-37.470061104546524,500
1771,-195.04199139448528,-32.506998565747544,500
1772,-183.55053675318317,-30.591756125530527,500
1773,-180.3311277413234,-30.055187956887234,500
1774,-203.66613912108195,-33.94435652018033,500
1775,-205.38803731995012,-34.23133955332502,500
1776,-194.6273910825871,-32.437898513764516,500
1777,-201.22822376653158,-33.53803729442193,500
1778,-165.25518870176154,-27.54253145029359,500
1779,-221.11936883478222,-36.85322813913037,500
1780,-222.3624716110397,-37.060411935173285,500
1781,-246.7791944504267,-41.12986574173778,500
1782,-192.84875650001902,-32.14145941666984,500
1783,-217.51666384819987,-36.25277730803331,500
1784,-203.12081757668795,-33.85346959611466,500
1785,-212.43093120677344,-35.405155201128906,500
1786,-202.74213893632518,-33.79035648938753,500
1787,-208.62776763612243,-34.771294606020405,500
1788,-195.08828473871807,-32.51471412311968,500
1789,-165.5083861136372,-27.584731018939532,500
1790,-224.89827767922645,-37.483046279871076,500
1791,-194.42164684504803,-32.403607807508,500
1792,-217.4024554319684,-36.23374257199473,500
1793,-185.86277504505253,-30.97712917417542,500
1794,-219.6387694489755,-36.60646157482925,500
1795,-184.89516587977297,-30.815860979962164,500
1796,-239.3629151665216,-39.89381919442027,500
1797,-215.01217879230398,-35.83536313205067,500
1798,-196.92264446467033,-32.82044074411172,500
1799,-198.96582941743708,-33.160971569572844,500
1800,-184.6772010222044,-30.779533503700733,500
1801,-221.37151160379852,-36.89525193396642,500
1802,-189.64750530865794,-31.60791755144299,500
1803,-214.77419830028495,-35.79569971671416,500
1804,-184.4307421123851,-30.738457018730852,500
1805,-187.1951873795632,-31.19919789659387,500
1806,-205.34432029304512,-34.22405338217418,500
1807,-236.50176842310995,-39.41696140385166,500
1808,-231.22435275068932,-38.537392125114884,500
1809,-185.71702798664205,-30.952837997773674,500
1810,-194.08433637313755,-32.347389395522924,500
1811,-157.0105471822426,-26.168424530373766,500
1812,-189.85294785882382,-31.64215797647064,500
1813,-225.9053084573983,-37.65088474289971,500
1814,-204.9844034431288,-34.16406724052147,500
1815,-202.21749329229164,-33.702915548715275,500
1816,-189.97997401643323,-31.663329002738873,500
1817,-202.43512160942433,-33.739186934904055,500
1818,-185.75427539884092,-30.95904589980682,500
1819,-207.18507032242135,-34.53084505373689,500
1820,-202.22862268870495,-33.70477044811749,500
1821,-232.32181198433005,-38.72030199738834,500
1822,-198.74200722653052,-33.12366787108842,500
1823,-206.98823125060358,-34.498038541767265,500
1824,-200.6490296103807,-33.44150493506345,500
1825,-207.76569610599535,-34.62761601766589,500
1826,-206.2346863848017,-34.37244773080028,500
1827,-197.81602772029052,-32.96933795338175,500
1828,-197.2669637340024,-32.8778272890004,500
1829,-190.15252083218328,-31.692086805363882,500
1830,-236.54698813264594,-39.424498022107656,500
1831,-212.45505368810825,-35.409175614684706,500
1832,-224.3516462422458,-37.3919410403743,500
1833,-199.1598406941904,-33.19330678236506,500
1834,-156.87101080610904,-26.14516846768484,500
1835,-205.20402521853367,-34.20067086975561,500
1836,-192.9092886066841,-32.15154810111402,500
1837,-223.30529159431987,-37.21754859905331,500
1838,-211.08724592605535,-35.18120765434256,500
1839,-183.19429565643827,-30.53238260940638,500
1840,-200.670144646198,-33.445024107699666,500
1841,-208.26554175921987,-34.71092362653665,500
1842,-121.34937286569792,-20.224895477616318,500
1843,-215.16065954949863,-35.860109924916436,500
1844,-212.37930963893047,-35.39655160648841,500
1845,-166.96947401350656,-27.82824566891776,500
1846,-198.2152790267781,-33.03587983779635,500
1847,-219.31571875788165,-36.55261979298027,500
1848,-211.1796892859876,-35.196614880997934,500
1849,-181.9268903772989,-30.321148396216483,500
1850,-219.71917259968208,-36.619862099947014,500
1851,-206.100785803698,-34.350130967283,500
1852,-187.62957833867011,-31.271596389778352,500
1853,-220.24422318082696,-36.70737053013783,500
1854,-223.56367081261115,-37.260611802101856,500
1855,-219.06610669162905,-36.51101778193817,500
1856,-198.13804494244462,-33.02300749040744,500
1857,-210.2564791592397,-35.04274652653995,500
1858,-256.4933834718833,-42.748897245313884,500
1859,-193.1250995719159,-32.187516595319316,500
1860,-217.10770234888045,-36.18461705814674,500
1861,-210.884788364601,-35.1474647274335,500
1862,-190.66868624736796,-31.778114374561326,500
1863,-224.15296504270066,-37.35882750711678,500
1864,-210.10820794563313,-35.01803465760552,500
1865,-194.94388900910212,-32.49064816818369,500
1866,-200.30649003820884,-33.38441500636814,500
1867,-194.46049857432635,-32.410083095721056,500
1868,-235.41731154623022,-39.23621859103837,500
1869,-177.60140608869173,-29.60023434811529,500
1870,-206.07785806344697,-34.34630967724116,500
1871,-184.65442876861022,-30.775738128101704,500
1872,-208.89701579345953,-34.81616929890992,500
1873,-198.06151656232188,-33.01025276038698,500
1874,-167.89482936173914,-27.982471560289856,500
1875,-178.98344045729743,-29.830573409549572,500
1876,-195.853601712892,-32.64226695214867,500
1877,-201.74562990689898,-33.62427165114983,500
1878,-186.47391053275953,-31.078985088793257,500
1879,-208.52363765066826,-34.75393960844471,500
1880,-207.01209274134567,-34.502015456890945,500
1881,-201.8854376240772,-33.647572937346204,500
1882,-195.4044568740174,-32.5674094790029,500
1883,-190.588411840302,-31.764735306717,500
1884,-201.94028290440912,-33.65671381740152,500
1885,-231.92693929344395,-38.65448988224066,500
1886,-195.70900056580035,-32.61816676096672,500
1887,-229.12126100981027,-38.18687683496838,500
1888,-205.72357391899212,-34.28726231983202,500
1889,-229.6797409007851,-38.279956816797515,500
1890,-236.79577277620902,-39.46596212936817,500
1891,-190.95112995387836,-31.825188325646394,500
1892,-203.68024364092122,-33.94670727348687,500
1893,-225.80992473956613,-37.63498745659435,500
1894,-214.550479715525,-35.75841328592083,500
1895,-189.24984233259408,-31.541640388765682,500
1896,-219.58325186195594,-36.59720864365932,500
1897,-191.5583009829859,-31.92638349716432,500
1898,-232.642701586728,-38.773783597788004,500
1899,-181.52444101029076,-30.254073501715126,500
1900,-207.33451841560333,-34.55575306926722,500
1901,-198.80265496562137,-33.133775827603564,500
1902,-217.9531352595156,-36.325522543252596,500
1903,-169.56262992787495,-28.260438321312492,500
1904,-202.89699256905908,-33.81616542817651,500
1905,-194.63060356698003,-32.438433927830005,500
1906,-182.7313539323235,-30.45522565538725,500
1907,-185.5002530253755,-30.916708837562584,500
1908,-210.08928802544358,-35.01488133757393,500
1909,-184.66673791714894,-30.777789652858157,500
1910,-227.40900500586497,-37.90150083431083,500
1911,-213.68466589927687,-35.61411098321281,500
1912,-173.49281491871602,-28.915469153119336,500
1913,-196.56728281504886,-32.761213802508145,500
1914,-227.78618543059568,-37.964364238432616,500
1915,-207.6698893532011,-34.61164822553352,500
1916,-178.61956385041395,-29.769927308402327,500
1917,-195.21066910767152,-32.53511151794525,500
1918,-207.05419651595327,-34.509032752658875,500
1919,-197.19352478988156,-32.86558746498026,500
1920,-215.1752504133739,-35.86254173556232,500
1921,-190.12739519205786,-31.68789919867631,500
1922,-221.0368712265775,-36.839478537762915,500
1923,-173.4017015528731,-28.900283592145517,500
1924,-188.9827428361037,-31.497123806017285,500
1925,-214.4110234997817,-35.73517058329695,500
1926,-219.56385380139506,-36.59397563356584,500
1927,-232.2460984429812,-38.707683073830204,500
1928,-234.31156122573026,-39.05192687095504,500
1929,-230.27690841386357,-38.37948473564393,500
1930,-230.9828560957709,-38.497142682628485,500
1931,-174.19276176677914,-29.03212696112986,500
1932,-207.20093592462504,-34.53348932077084,500
1933,-223.24860202058522,-37.208100336764204,500
1934,-204.33504710181722,-34.055841183636204,500
1935,-220.041355809486,-36.673559301581,500
1936,-203.99445663754898,-33.999076106258165,500
1937,-92.89754009344632,-15.48292334890772,500
1938,-212.114839943393,-35.352473323898835,500
1939,-168.39480001365996,-28.06580000227666,500
1940,-214.47968427444405,-35.74661404574068,500
1941,-194.39960560030732,-32.399934266717885,500
1942,-221.9129275108657,-36.98548791847762,500
1943,-172.3209735830647,-28.720162263844117,500
1944,-232.34840339179246,-38.724733898632074,500
1945,-239.52207003859093,-39.92034500643182,500
1946,-223.35047512481333,-37.225079187468886,500
1947,-192.5375911710127,-32.089598528502115,500
1948,-178.92510038941748,-29.820850064902913,500
1949,-187.22011905639633,-31.203353176066056,500
1950,-203.9182578583996,-33.98637630973327,500
1951,-205.19740065924356,-34.19956677654059,500
1952,-20.957384283412246,-3.492897380568708,500
1953,-178.9377875768775,-29.82296459614625,500
1954,-193.6577114558894,-32.276285242648235,500
1955,-201.15561809873446,-33.52593634978908,500
1956,-209.70552529981416,-34.95092088330236,500
1957,-224.50335473515386,-37.41722578919231,500
1958,-193.5475819983028,-32.25793033305047,500
1959,-205.57581363227223,-34.262635605378705,500
1960,-200.40836084467304,-33.401393474112176,500
1961,-191.72151470472306,-31.95358578412051,500
1962,-237.24091234078716,-39.54015205679786,500
1963,-174.85503680405898,-29.14250613400983,500
1964,-201.5194222533771,-33.58657037556285,500
1965,-226.38303245380519,-37.73050540896753,500
1966,-197.114761422804,-32.852460237134004,500
1967,-228.8518101887773,-38.14196836479622,500
1968,-200.29991257668527,-33.38331876278088,500
1969,-201.71603481335762,-33.619339135559606,500
1970,-227.27518821717763,-37.87919803619627,500
1971,-216.38713773412243,-36.064522955687075,500
1972,-217.59140156597977,-36.26523359432996,500
1973,-218.72970140667007,-36.454950234445015,500
1974,-183.20850324091862,-30.5347505401531,500
1975,-222.58802333484715,-37.09800388914119,500
1976,-232.08718952566826,-38.681198254278044,500
1977,-216.38805400357032,-36.06467566726172,500
1978,-205.72005238666733,-34.28667539777789,500
1979,-182.43099779360938,-30.405166298934898,500
1980,-184.8356246412551,-30.80593744020918,500
1981,-195.16260014696775,-32.52710002449462,500
1982,-198.04506018645588,-33.00751003107598,500
1983,-214.5458591962334,-35.75764319937223,500
1984,-190.55224061482923,-31.758706769138204,500
1985,-190.78267116449967,-31.797111860749947,500
1986,-201.89454539156452,-33.64909089859409,500
1987,-207.6314851512339,-34.60524752520565,500
1988,-222.19286396876223,-37.03214399479371,500
1989,-188.85357459892998,-31.47559576648833,500
1990,-184.12365914409457,-30.68727652401576,500
1991,-179.13377642166373,-29.85562940361062,500
1992,-200.46056532626918,-33.410094221044865,500
1993,-222.37868270626322,-37.0631137843772,500
1994,-244.72426794121043,-40.78737799020174,500
1995,-196.55115239152406,-32.758525398587345,500
1996,-167.26472787882335,-27.877454646470557,500
1997,-218.33777271673657,-36.38962878612276,500
1998,-216.5981111924228,-36.099685198737134,500
1999,-245.9096063983157,-40.984934399719286,500
2000,-138.7795259865333,-23.129920997755548,500
2001,-201.10175168953748,-33.51695861492291,500
2002,-187.27728932911447,-31.212881554852412,500
2003,-224.3849219849166,-37.3974869974861,500
2004,-179.58821467966976,-29.931369113278294,500
2005,-221.74498714034348,-36.95749785672391,500
2006,-198.5552453990125,-33.09254089983542,500
2007,-244.4987288390464,-40.749788139841066,500
2008,-19.02155213278671,-3.170258688797785,500
2009,-215.85966259466426,-35.97661043244404,500
2010,-234.92909443105953,-39.15484907184325,500
2011,-223.71261465294867,-37.28543577549144,500
2012,-204.71160012058877,-34.11860002009813,500
2013,-187.1406519703201,-31.190108661720018,500
2014,-219.4438303499228,-36.57397172498713,500
2015,-222.44932708740592,-37.07488784790099,500
2016,-202.59119496550153,-33.76519916091692,500
2017,-77.40985143243563,-12.901641905405938,500
2018,-205.4574530394005,-34.24290883990008,500
2019,-193.38260931425395,-32.230434885708995,500
2020,-192.05128330222806,-32.00854721703801,500
2021,-224.00666559765153,-37.334444266275256,500
2022,-205.0201108641441,-34.17001847735735,500
2023,-207.0468686319565,-34.50781143865942,500
2024,-198.1782754177253,-33.029712569620884,500
2025,-195.62329874363917,-32.60388312393986,500
2026,-194.3989710388204,-32.399828506470065,500
2027,-183.9262518905899,-30.654375315098317,500
2028,-193.0288826894212,-32.17148044823687,500
2029,-177.16847329950622,-29.528078883251037,500
2030,-208.70355274331357,-34.78392545721893,500
2031,-206.36554728467323,-34.39425788077887,500
2032,-225.73575865940333,-37.62262644323389,500
2033,-191.7978752697118,-31.966312544951965,500
2034,-183.16231145494757,-30.52705190915793,500
2035,-215.65253036419827,-35.94208839403304,500
2036,-201.44975846802618,-33.57495974467103,500
2037,-183.8366823882435,-30.63944706470725,500
2038,-212.60476318099495,-35.43412719683249,500
2039,-216.93563075118425,-36.155938458530706,500
2040,-220.33446695359817,-36.72241115893303,500
